공급사,작품유형,작품번호,작품명,레이블,작가,사용코인,콘텐츠 매출금액,결제수수료,정산 대상금액,콘텐츠 정산금액_면세,콘텐츠 정산금액_과세,콘텐츠 정산금액
스토린랩,웹소설,12330,너의 숨결에,사막여우,소낙연,722100,722100,179490.3,542609.7,379808,0,379808
스토린랩,웹소설,12315,독보강호의 귀환,심월(心月),천우한,360400,360400,99949.8,260450.2,182311,0,182311
스토린랩,웹소설,11772,장부귀환,매드햇,불군(不群),285200,285200,65057.48,220142.52,154087,0,154087
스토린랩,웹소설,11917,서로에 미친 밤,하트퀸,서아랑,261800,261800,72772.8,189027.2,132314,0,132314
스토린랩,웹소설,12306,하오문의 절대검신,드림북스,정천,217900,217900,62886.9,155013.1,108505,0,108505
스토린랩,웹소설,11899,백룡선생,드림북스,시니어,205000,205000,48096.6,156903.4,109824,0,109824
스토린랩,웹소설,11985,비서님 모시기,사막여우,허이령,178100,178100,50733.3,127366.7,89152,0,89152
스토린랩,웹소설,11784,삼초살,매드햇,설봉,173000,173000,38229.6,134770.4,94326,0,94326
스토린랩,웹소설,12309,뒤바뀐 남편,하트퀸,리키,151400,151400,35354.1,116045.9,81221,0,81221
스토린랩,웹소설,11915,도비,매드햇,설봉,127100,127100,30514.3,96585.7,67605,0,67605
스토린랩,웹소설,11980,너를 그리다,사막여우,김수정C,118700,118700,32032.2,86667.8,60662,0,60662
스토린랩,웹소설,11971,"넌 항상 날, 쉽게 버려",사막여우,민시윤,92200,92200,22613.7,69586.3,48706,0,48706
스토린랩,웹소설,11900,무당광마,드림북스,자망,89100,89100,26298.68,62801.32,43960,0,43960
스토린랩,웹소설,11767,사천사,매드햇,설봉,88200,88200,23442.9,64757.1,45329,0,45329
스토린랩,웹소설,8917,역전무사,히어로블,해리(海鯉),87700,87700,25803.72,61896.28,43324,0,43324
스토린랩,웹소설,11782,중산(重山),매드햇,필환,87600,87600,22221.6,65378.4,45759,0,45759
스토린랩,웹소설,11888,청성마검,드림북스,묵공,79400,79400,19200.9,60199.1,42134,0,42134
스토린랩,웹소설,11927,무능한 장남이 이혼 후 효도함,ARC,만슬라,40300,40300,4667.4,35632.6,24924,0,24924
스토린랩,웹소설,12314,검출형산,심월(心月),일편소엽,38300,38300,10715.7,27584.3,19306,0,19306
스토린랩,웹소설,11979,도피 결혼,사막여우,김윤,35400,35400,7416,27984,19585,0,19585
스토린랩,웹소설,11906,미친 광해가 정신을 되찾음,매드햇,브루마블,34400,34400,10266.6,24133.4,16893,0,16893
스토린랩,웹소설,11914,망나니 검사가 달라졌다,매드햇,안현,28500,28500,5586.3,22913.7,16037,0,16037
스토린랩,웹소설,11925,낯선 재회,사막여우,한윤채,22900,22900,6229.2,16670.8,11668,0,11668
스토린랩,웹소설,11939,저주받은 공작의 하녀가 되었다,사막여우,서온조,21800,21800,3976.8,17823.2,12475,0,12475
스토린랩,웹소설,10658,회귀무사가 좀 밝힘,매드햇,월하무객,17500,17500,577.5,16922.5,11842,0,11842
스토린랩,웹소설,7835,침대 위의 대표님,하트퀸,왕기대,17400,17400,4605.9,12794.1,8955,0,8955
스토린랩,웹소설,11029,아기천마 수신호위,ARC,지인,15600,15600,514.8,15085.2,10557,0,10557
스토린랩,웹소설,11079,천하제일 상단주,ARC,지인,15200,15200,4560,10640,7448,0,7448
스토린랩,웹소설,11913,오빠가 해줄게,하트퀸,진숙,15100,15100,4076.1,11023.9,7716,0,7716
스토린랩,웹소설,10059,증권 재벌의 천재 손자가 되었다,매드햇,번파,14100,14100,2200.8,11899.2,8326,0,8326
스토린랩,웹소설,11780,요절할 대공자는 오래 살고싶다,매드햇,겨울반디,13500,13500,1486.8,12013.2,8407,0,8407
스토린랩,웹소설,12316,혁련세가 차남이 되었다,매드햇,타바타바,12200,12200,3660,8540,5978,0,5978
스토린랩,웹소설,11942,"전하, 연애 말고 결혼해요",사막여우,발칙한야옹이,12000,12000,3600,8400,5880,0,5880
스토린랩,웹소설,11781,검왕조,매드햇,무죄(无罪),11100,11100,2822.7,8277.3,5793,0,5793
스토린랩,웹소설,11976,"이제, 가족을 버릴 시간입니다",사막여우,프롤리,10900,10900,3270,7630,5341,0,5341
스토린랩,웹소설,8964,맛보게 해줘,하트퀸,무하,10500,10500,2936.4,7563.6,5294,0,5294
스토린랩,웹소설,11983,둘만 아는 결혼,사막여우,곰씨와 함께,9400,9400,2686.5,6713.5,4699,0,4699
스토린랩,웹소설,11938,찬란한 이혼,사막여우,알렛(소나무다),8200,8200,2460,5740,4018,0,4018
스토린랩,웹소설,10651,간헐적 파트너,하트퀸,늴리리야,7800,7800,2206.5,5593.5,3915,0,3915
스토린랩,웹소설,8927,동네 약사는 전생 독마였다,매드햇,김하시,7500,7500,247.5,7252.5,5076,0,5076
스토린랩,웹소설,11919,힘을 숨겨도 공녀가 제일 강함,앨리스,설윤영,7200,7200,2160,5040,3528,0,3528
스토린랩,웹소설,7821,이중 이혼 합의서,하트퀸,김민,5900,5900,1770,4130,2891,0,2891
스토린랩,웹소설,10094,갖기 위해선 무엇이든,하트퀸,빵곰탕,5400,5400,1566.6,3833.4,2683,0,2683
스토린랩,웹소설,11908,동물들과 함께하는 레이드,매드햇,호랑사자,5200,5200,1560,3640,2548,0,2548
스토린랩,웹소설,11975,공작가의 막내동생이 되었습니다,사막여우,한리은,4700,4700,1410,3290,2303,0,2303
스토린랩,웹소설,11965,내 남편이 새엄마와 결혼했다,사막여우,파민쿠,4500,4500,308.7,4191.3,2932,0,2932
스토린랩,웹소설,10649,고용주님 뜻대로,하트퀸,서아랑,4000,4000,906.3,3093.7,2165,0,2165
스토린랩,웹소설,11986,펜타니엄 검황가 셋째 도련님,드림북스,랑호,3900,3900,1143.3,2756.7,1929,0,1929
스토린랩,웹소설,11968,괴물 공작의 무자비한 사정,사막여우,은사자,3800,3800,1140,2660,1862,0,1862
스토린랩,웹소설,11892,바리스타가 무한 창고를 가짐,드림북스,마시로,3600,3600,572.7,3027.3,2118,0,2118
스토린랩,웹소설,11890,위씨세가 마신공자,드림북스,무불위,3400,3400,1020,2380,1666,0,1666
스토린랩,웹소설,10666,회귀자의 재벌 설계법,매드햇,꺼믄눈썹,3300,3300,990,2310,1617,0,1617
스토린랩,웹소설,11970,수상한 연하남과의 재혼을 거절합니다,사막여우,키위토끼,3100,3100,823.2,2276.8,1593,0,1593
스토린랩,웹소설,11742,레스트레이드 경감이 되었다,드림북스,팔숨,2500,2500,750,1750,1225,0,1225
스토린랩,웹소설,11893,재능 베끼는 천재가수가 되었다,드림북스,박서희,2500,2500,750,1750,1225,0,1225
스토린랩,웹소설,7838,나쁜 하룻밤,하트퀸,셔틀,2300,2300,690,1610,1127,0,1127
스토린랩,웹소설,11896,재앙을 숨긴 영웅이 사는 법,드림북스,뉴에이스,1900,1900,516.6,1383.4,968,0,968
스토린랩,웹소설,11937,"재벌가, 비밀의 시간",사막여우,블랑드,1900,1900,543.3,1356.7,949,0,949
스토린랩,웹소설,11920,뜨겁게 리셋,하트퀸,이승희,1600,1600,52.8,1547.2,1083,0,1083
스토린랩,웹소설,7651,"마검, 화산 가다",매드햇,겨울반디,1500,1500,49.5,1450.5,1007,0,1007
스토린랩,웹소설,9746,이 결혼을 원한 건 너였어,하트퀸,김민,1500,1500,450,1050,735,0,735
스토린랩,웹소설,11982,두 번 해도 돼요?,사막여우,송소율,1200,1200,39.6,1160.4,812,0,812
스토린랩,웹소설,7822,전남편이 부임했다,하트퀸,왕기대,1100,1100,63,1037,725,0,725
스토린랩,웹소설,11902,여배우에게 합의금을 받았다,매드햇,사키만자루,1100,1100,330,770,539,0,539
스토린랩,웹소설,8916,취공무쌍,히어로블,해리(海鯉),800,800,240,560,392,0,392
스토린랩,웹소설,9742,프렐로드 저택의 유령,앨리스,주하결,800,800,240,560,392,0,392
스토린랩,웹소설,9745,이혼 사유 비밀 수칙,하트퀸,유나리,800,800,53.1,746.9,522,0,522
스토린랩,웹소설,8920,검공무쌍,히어로블,해리(海鯉),600,600,180,420,294,0,294
스토린랩,웹소설,11006,수치스러운 밤,사막여우,최고진,600,600,180,420,294,0,294
스토린랩,웹소설,11779,기갑전선에서 살아가는 법,매드햇,감튀이이이,600,600,180,420,294,0,294
스토린랩,웹소설,10098,마지막 아내,하트퀸,김민,500,500,43.2,456.8,319,0,319
스토린랩,웹소설,11085,푸른 달은 두 번 떠오른다,ARC,의진,500,500,150,350,245,0,245
스토린랩,웹소설,11984,흑막 소꿉친구와의 하룻밤을 들키면 죽음,사막여우,광산김파도,500,500,150,350,245,0,245
스토린랩,웹소설,8921,패도무쌍,히어로블,해리(海鯉),400,400,120,280,196,0,196
스토린랩,웹소설,11889,전진부활,드림북스,교암,400,400,120,280,196,0,196
스토린랩,웹소설,10097,뭐 같은 그놈,하트퀸,녕국,300,300,9.9,290.1,203,0,203
스토린랩,웹소설,11903,천재 노예가 살아남는 법,매드햇,무정호,300,300,90,210,147,0,147
스토린랩,웹소설,10093,사랑하고 혐오하는 너에게,하트퀸,늴리리야,200,200,6.6,193.4,135,0,135
스토린랩,웹소설,10096,불순한 비서계약,하트퀸,삼색냥,200,200,60,140,98,0,98
스토린랩,웹소설,10099,입주 제안,하트퀸,로반,200,200,60,140,98,0,98
스토린랩,웹소설,11934,죽은 자의 사랑을 받고 있습니다,사막여우,샐리남작,200,200,60,140,98,0,98
스토린랩,웹소설,7823,짐승의 심연,하트퀸,비향,100,100,30,70,49,0,49
스토린랩,웹소설,7824,우리 헤어질 수 있을까?,하트퀸,초콜릿악마,100,100,30,70,49,0,49
스토린랩,웹소설,8961,저문 들녘 바람 끝에서,하트퀸,설연,100,100,30,70,49,0,49
스토린랩,웹소설,8968,멈출 수 없는,하트퀸,위영,100,100,30,70,49,0,49
스토린랩,웹소설,9748,"계략적, 파혼",하트퀸,송재린,100,100,30,70,49,0,49
스토린랩,웹소설,9751,로맨스의 종말,하트퀸,반유훤,100,100,30,70,49,0,49
스토린랩,웹소설,10095,옆자리 후배님이 이상해,하트퀸,초콜릿악마,100,100,30,70,49,0,49
스토린랩,웹소설,10100,최악의 아내가 되어줘,하트퀸,이라에리,100,100,30,70,49,0,49
스토린랩,웹소설,10647,내 비서의 주인,하트퀸,김민,100,100,30,70,49,0,49
스토린랩,웹소설,11024,낯가리는 천마의 찐친이 되었다,ARC,지인,100,100,3.3,96.7,67,0,67
스토린랩,웹소설,11746,불쾌한 씨의 유쾌한 가을,하트퀸,이현성,100,100,3.3,96.7,67,0,67
스토린랩,웹소설,11894,공작가의 유령,드림북스,양인산,100,100,30,70,49,0,49
스토린랩,웹소설,11926,공작님이 빙의자의 능력을 눈치챈 것 같다,사막여우,호랑이곶감,100,100,30,70,49,0,49
스토린랩,웹소설,11935,계략 남편의 집착에 걸려들었다,사막여우,피유리,100,100,30,70,49,0,49
스토린랩,웹소설,11941,귀찮은 주치의에게 스며들 때,사막여우,제이B,100,100,30,70,49,0,49
스토린랩,웹소설,11944,적국의 황자를 길들여버렸다,사막여우,초콜릿악마,100,100,30,70,49,0,49