label_resolved,settle,works,plats
에필로그,55265711.997,279,13
뿔미디어,46862931.582,344,11
화월(花月),32205114.456,3,10
스토리야,23363867.753,347,20
래이니북스,11924228.5,247,12
도서출판 선,11458085.4,1001,11
사막여우,10194512.8,193,19
넥스트레벨스튜디오,9707644.38,51,12
청어람,8897679.0,123,5
해피북스투유,6644063.9120000005,174,17
플로린,6217051.59,192,14
에이피북스,5915849.2,1767,7
러프미디어,5668614.0,27,8
JK미디어,5594737.4,12,8
로튼로즈,5269442.5,914,9
조은세상,4234218.59,61,8
와이엠북스,4150872.32,172,5
피오렛,3852831.36,64,9
주은출판사,3536814.82,78,8
Red Cat,3336946.14,241,15
로망로즈,2618269.0,158,5
제녹,2531909.6,14,16
아르테미스,2456272.0,74,7
희우,2361705.5,627,10
누보로망,2324427.0,138,8
밤새던,2139285.48,12,17
리체북스앤미디어,2127454.242,14,16
레토북스,2034927.0,70,6
야간비행,1935243.79,11,14
답청(踏靑),1866838.66,4,3
유즈비,1798215.4,22,12
다향,1775767.21,131,9
오쉬컴퍼니,1567454.8,33,14
넥스트레벨 스튜디오,1463646.2,39,12
유니브,1453638.48,22,15
레이드,1171496.9,13,7
스칼렛,1107289.82,99,9
패러그래프,971040.0,12,3
스토린랩,924600.32,20,8
필,905877.7,65,7
B&M,847566.02,72,8
누디나잇,847353.93,67,6
리더북스,690113.0,52,7
히어로블,646068.5,13,10
루어,594188.0,86,3
아토북(Atto Book),571025.0,3,2
작가컴퍼니,549668.0,20,3
이스토리아,547046.4299999999,32,3
썸데이,538049.46,39,9
도파민,528010.0,10,6
에오스,506021.18,102,5
레이어드,503734.0,106,6
달밤,493341.0,28,15
로망띠끄,490987.0,74,5
펜드라마,465341.8,2,9
야맨스,454444.98,45,14
답인(答人),442609.0,13,3
블랙로즈,430479.0,33,8
마야마루,422202.9,20,5
오브 (Aube),417189.08,2,7
요미북스,411077.94,45,3
파인컬렉션,410712.96,128,4
리본,403183.4,22,8
레드필로우,384676.04099999997,19,9
라포레,380658.0,22,16
아이즈,340914.0,38,7
민들레북,334968.0,2,7
보리출판사,325560.6,11,2
페퍼민트,300972.0,65,6
레드클립,284973.78,39,5
읽을레오,282258.9,49,8
엔리즈,268639.0,3,6
고트북스,268134.7,28,12
모던,246841.0,31,5
오드캣,229899.6,64,1
오넷,225298.4,8,6
나인스펙트럼,224074.9,17,13
노크(knock),223080.0,41,4
퍼플클립,219751.0,7,5
달리아,209087.0,17,9
팀씨에스피,201922.0,47,7
채음,198232.0,11,9
첫문장,193683.0,90,7
율리시즈,190543.0,6,5
PJ미디어,168039.87,4,7
벨숲,166815.0,7,9
휴브릿지,165722.1,3,9
남의 남편 2(완결),153660.0,2,1
red cat,148707.16,42,5
신드롬,146559.0,31,5
코튼북스,145523.0,17,6
미어덜트,138040.0,77,7
남의 남편 1,133185.0,2,1
오늘은북스,130622.38,3,5
부도덕한 밀애*세트구매*,130050.0,1,1
아토북,123550.0,1,2
삼켜지는 밤*세트구매*,121329.0,1,1
N.fic,119315.8,5,13
이지콘텐츠,118125.0,28,4
부도덕한 밀애 1,116250.0,2,1
봄미디어,115403.4,28,4
클린로즈,108346.0,27,7
페브,106134.0,32,6
원샷(OneShot),105442.0,20,4
클라르테,104825.0,7,8
피치닷,104018.6,16,5
엔블록,102970.0,1,4
라이즈,102494.0,11,4
파란미디어,102172.0,28,3
베아트리체,98348.6,28,6
가디언,97334.0,1,2
이혼 시차*세트구매*,95931.0,1,1
폭정,93280.0,2,1
노크(Knock),90363.0,7,2
수스토리,89190.0,10,3
위즈덤하우스,85792.0,17,6
더파란스튜디오,85598.8,2,7
남의 남편*세트구매*,83538.0,1,1
이혼 시차 2(완결),82350.0,2,1
마인드큐브,81872.0,14,4
가갸날,80540.0,9,4
시간여행,76559.0,6,6
블로우,76370.0,12,7
이혼 시차 1,76200.0,2,1
삼켜지는 밤 1,74725.0,2,1
더티 웨딩*세트구매*,72296.0,1,1
페일블루,71673.0,48,5
시크하라,69202.0,12,2
무례한 결혼,68640.0,2,1
금단 증상,67200.0,2,1
엔플러스,64713.05,114,2
후회 없는 선택이었다 1,64120.0,1,1
양밥 (삽화본)*세트구매*,62656.0,1,1
부도덕한 밀애 2(완결),61650.0,2,1
시드북스,61110.0,25,4
델로스,59724.0,4,1
체리닷,58394.0,6,5
후회 없는 선택이었다 2(완결),58380.0,2,1
도서출판 해울,56695.0,95,5
NUDI,54440.61,29,10
모르는 아내 3(완결),53940.0,1,1
폭정*세트구매*,53856.0,1,1
오만한 상사*세트구매*,53550.0,1,1
미니꼬제,53480.0,7,9
라인북스,53340.0,8,1
마루&마야,53305.0,6,2
케이너스랩,52856.979999999996,9,9
어필,50680.0,4,3
첫 마음*세트구매*,50110.0,1,1
아라벨,50003.0,1,5
딥그린라이트*세트구매*,49575.0,1,1
알파 코스프레 (삽화본),49125.0,2,1
디앤씨북스,48083.0,9,2
딥블루클립,47950.0,5,3
일향만리,47810.0,1,3
후회 없는 선택이었다*세트구매*,47124.0,1,1
식스북,45850.0,13,5
삼켜지는 밤 2,44625.0,2,1
네 앞에 무릎 꿇고 빌고 싶었다 1,43875.0,2,1
모르는 아내 2,42160.0,1,1
보라북스,42154.0,2,9
모르는 아내 1,41850.0,1,1
톤(TONE),39753.0,5,1
삼킨 결혼*세트구매*,39475.0,1,1
양밥 (삽화본) 1,38200.0,2,1
삼켜지는 밤 3(완결),38150.0,2,1
피우리,36995.0,11,2
스마트빅,35658.0,3,3
블래이,35602.0,21,5
위북,35120.0,6,2
마지막 로미오*세트구매*,34884.0,1,1
소문난 아저씨*세트구매*,34809.0,1,1
양밥 (삽화본) 2(완결),34400.0,1,1
네 앞에 무릎 꿇고 빌고 싶었다 2,34375.0,2,1
운명의 히치하이킹,32760.0,2,1
네 앞에 무릎 꿇고 빌고 싶었다 3(완결),31875.0,2,1
대장장이 지그*세트구매*,31824.0,1,1
버닝북스,31332.48,12,7
더티 웨딩 3(완결),31325.0,2,1
폭정 (외전),31260.0,2,1
레드로즈,30954.0,10,5
AP북스,30539.56,51,8
사슴의 풀밭,29813.0,5,5
잉첩 1,29000.0,2,1
더티 웨딩 2,28525.0,2,1
지배 욕구*세트구매*,28458.0,1,1
재벌남의 순정,28350.0,2,1
이혼 아내*세트구매*,28305.0,1,1
벨숲(스토리숲),28014.0,4,1
은밀한 사정*세트구매*,26395.0,1,1
달리아(스토리숲),26215.0,3,1
네 앞에 무릎 꿇고 빌고 싶었다*세트구매*,26012.0,1,1
옆집 아저씨의 이중생활 (삽화본),25900.0,2,1
더티 웨딩 1,25550.0,2,1
비서 감금 (삽화본),25250.0,2,1
청어람출판사,25200.0,19,2
사슴의풀밭,24710.0,6,2
캔미디어,24626.0,2,5
YAMANCE,24220.0,3,1
허튼수작 2(완결),24120.0,2,1
빼앗긴 아이*세트구매*,23868.0,1,1
하트비트*세트구매*,22950.0,1,1
인첸티드,22743.0,5,2
"결혼 후, 다른 남자와*세트구매*",22185.0,1,1
허튼수작*세트구매*,22032.0,1,1
영북스,21973.0,5,5
뒹굴,21910.7,2,4
서툰 거짓말 1,21875.0,2,1
감각 오류*세트구매*,21804.0,1,1
누디나잇 플러스,21147.0,3,2
몸주,21090.0,2,1
오만한 상사 1,21000.0,2,1
잉첩*세트구매*,20655.0,1,1
극점*세트구매*,20196.0,1,1
루나문,20062.0,5,4
글로라이터,19372.64,1,2
LACE,19355.77,12,6
오만한 상사 2(완결),18625.0,2,1
은밀한상상,18598.86,4,1
첫 마음 3(완결),18480.0,2,1
그 비서의 남다른 취향 1,18400.0,2,1
스노우미디어,18361.0,3,3
잉첩 2(완결),18000.0,1,1
"결혼 후, 다른 남자와 3(완결)",17980.0,2,1
빼앗긴 아이 1,17940.0,1,1
빼앗긴 아이 3(완결),17940.0,1,1
콕테일,17778.6,13,2
쉬운 비서 2(완결),17550.0,2,1
임신 강요 1,17500.0,1,1
허튼수작 1,17460.0,2,1
쉬운 비서 1,17415.0,2,1
서툰 거짓말*세트구매*,17214.0,1,1
오만한 상사 (에필로그),16800.0,2,1
숨통,16200.0,2,1
셀레나,16170.0,5,2
빛나던,15688.0,3,5
"결혼 후, 다른 남자와 1",15515.0,2,1
제자와 첫날밤,15510.0,2,1
빼앗긴 아이 2,15340.0,1,1
첫 마음 1,15330.0,2,1
이혼 시차 [외전],15330.0,2,1
삼킨 결혼 3(완결),15050.0,2,1
이혼 아내 1,14685.0,2,1
밀크 플레이(삽화본),14625.0,2,1
도서출판 그레이스,14602.0,5,3
그 비서의 남다른 취향 2(완결),14600.0,2,1
소문난 아저씨 1,14400.0,1,1
다하,14287.0,6,2
흑막의 밤,14000.0,1,1
"결혼 후, 다른 남자와 2",12905.0,2,1
네 앞에 무릎 꿇고 빌고 싶었다 (외전),12850.0,2,1
Miyoo,12740.0,36,1
양밥 (삽화본) 외전,12485.0,2,1
리그미디어,12279.0,2,3
그 비서의 남다른 취향*세트구매*,12240.0,1,1
북큐브,12192.6,3,1
서툰 거짓말 3(완결),12125.0,2,1
Tasty,12110.0,6,3
리즈,12040.0,2,1
이혼 아내 2(완결),11880.0,1,1
잉크어스,11760.0,3,2
극점 2(완결),11715.0,2,1
낯선 재회*세트구매*,11628.0,1,1
지배 욕구 1,11480.0,1,1
옆집 남자가 수상하다 (삽화본),11375.0,2,1
첫 마음 2,11130.0,2,1
부도덕한 밀애 [외전],11000.0,2,1
블랙마켓,10885.0,3,2
마지막 로미오 3(완결),10830.0,2,1
원수를 탐하다*세트구매*,10710.0,1,1
마미,10647.0,1,1
새파란상상,10605.0,2,1
쉬운 비서*세트구매*,10558.0,1,1
임신 강요 2(완결),10500.0,1,1
일랑,10360.0,8,2
더브루니,10115.0,5,2
서툰 거짓말 2,10000.0,1,1
딥그린라이트 3(완결),9990.0,2,1
리케,9450.0,1,1
6개월짜리 신부,9450.0,2,1
Mare,9408.0,8,2
침대 위 불청객 1,9375.0,2,1
XXL 사이즈 아저씨,9250.0,2,1
바로크*세트구매*,9180.0,1,1
삼켜지는 밤 (보너스 외전),9150.0,2,1
결혼 예고,9120.0,2,1
하트비트 1,9000.0,1,1
달라진 건 없지만*세트구매*,8951.0,1,1
극점 1,8910.0,1,1
오빠 대신 빚보증,8880.0,2,1
BLme,8736.0,3,2
소문난 아저씨 2(완결),8700.0,1,1
감각 오류 1,8550.0,2,1
감각 오류 3(완결),8550.0,2,1
드림노블,8400.0,1,1
위즈덤커넥트,8355.2,25,4
흐르는 물에 목을 축인다 1,8200.0,1,1
수라왕 2,8160.0,1,1
프리빌리지,8029.0,1,2
잇북(It Book),7875.0,1,1
완벽한 청혼*세트구매*,7803.0,1,1
삼킨 결혼 1,7740.0,1,1
삼킨 결혼 2,7740.0,1,1
늘솔북스,7700.0,3,1
정씨책방,7700.0,2,2
딥그린라이트 2,7695.0,2,1
딥그린라이트 1,7695.0,2,1
삼켜지는 밤 (외전),7595.0,2,1
칠월토끼,7574.780000000001,1,7
나랑 자게 될 거야*세트구매*,7574.0,1,1
엉뚱한앙마,7560.0,1,2
고결한 동맹*세트구매*,7344.0,1,1
더티 클래스 1,7250.0,1,1
침대 위 불청객 2(완결),7250.0,1,1
마지막 로미오 1,7220.0,1,1
검신광룡 3,7200.0,2,1
다인북스,7200.0,7,1
모르는 아내*세트구매*,7115.0,1,1
"해요, 나쁜 짓*세트구매*",7038.0,1,1
원수를 탐하다 1,7000.0,1,1
봄의정원,6960.0,8,1
용제검전 2,6400.0,1,1
플로라,6300.0,1,1
재벌 사위 말고 재벌 하겠습니다 3,6300.0,2,1
검신광룡 2,6300.0,2,1
아무것도 아닌 네가*세트구매*,6120.0,1,1
어린 처제 농락기,6044.0,1,1
하트비트 2(완결),6000.0,1,1
그 누구도 아닌 너에게 1,6000.0,1,1
감각 오류 2,6000.0,1,1
온전하지 못한 관계*세트구매*,5967.0,1,1
버린 남편을 주웠다*세트구매*,5738.0,1,1
만일야화B,5732.999000000001,1,1
귀찮은 주치의에게 스며들 때 1,5600.0,1,1
미국 로또로 역대급 재벌! 2,5550.0,2,1
미국 로또로 역대급 재벌! 3,5550.0,2,1
미국 로또로 역대급 재벌! 4,5550.0,2,1
착한 처제▶몹쓸 짓,5522.0,1,1
쉬운 비서 (외전),5475.0,2,1
화산전생 16,5440.0,1,1
화산전생 17(완결),5440.0,1,1
수라왕 5,5440.0,1,1
수라왕 4,5440.0,1,1
수라왕 3,5440.0,1,1
화산전생 15,5440.0,1,1
용을 삼킨 검 9,5400.0,2,1
독점욕 1,5400.0,1,1
독점욕 2(완결),5400.0,1,1
재벌 사위 말고 재벌 하겠습니다 2,5400.0,2,1
탐닉의 계절*세트구매*,5355.0,1,1
쓰레기의 취향*세트구매*,5355.0,1,1
코핀북스,5320.0,2,1
블랙릴리,5292.0,1,1
교보문고,5264.0,2,1
부서진 결혼*세트구매*,5202.0,1,1
미혹*세트구매*,5126.0,1,1
인생 2회차 철종의 슬기로운 정복생활 4,5100.0,1,1
인생 2회차 철종의 슬기로운 정복생활 5,5100.0,1,1
타오름그믐,5040.0,5,2
완벽한 나의 오메가*세트구매*,5040.0,1,1
내 안의 악마를 위하여 3(완결),5000.0,1,1
내 안의 악마를 위하여 2,5000.0,1,1
내 안의 악마를 위하여 1,5000.0,1,1
상사몽*세트구매*,4973.0,1,1
파란썸,4949.0,1,1
라포레(스토리숲),4900.0,1,1
더티 클래스 2(완결),4750.0,1,1
끊을 수 없는 관계*세트구매*,4590.0,1,1
재벌 매니저는 조용히 살고 싶다 2,4500.0,2,1
용을 삼킨 검 10,4500.0,2,1
잉첩 (외전),4500.0,1,1
검신광룡 4,4500.0,2,1
검신광룡 5,4500.0,2,1
용을 삼킨 검 12,4500.0,2,1
재벌 사위 말고 재벌 하겠습니다 8(완결),4500.0,2,1
도서출판윤송,4333.0,2,2
리얼라엘,4242.0,1,2
어차피 사랑 2,4200.0,1,1
어차피 사랑 1,4200.0,1,1
레테나잇,4200.0,1,2
씨에스케이,4158.0,1,1
아폴론,4158.0,1,1
사내 결벽주의*세트구매*,4131.0,1,1
흐르는 물에 목을 축인다 2(완결),4100.0,1,1
지금 네 여자랑 있어,4000.0,1,1
계집종은 도망친다*세트구매*,3978.0,1,1
달라진 건 없지만 3(완결),3900.0,1,1
더티 클래스*세트구매*,3825.0,1,1
세러피스트 2(완결),3800.0,1,1
마지막 로미오 2,3800.0,1,1
역전의 순간,3800.0,1,1
9791172584993,3780.0,1,1
너무 밝히는 엄마들,3694.0,1,1
지배 욕구 2(완결),3690.0,1,1
다크 프린스 1,3620.0,2,1
아무것도 아닌 네가 2(완결),3600.0,1,1
재벌 사위 말고 재벌 하겠습니다 4,3600.0,2,1
검신광룡 8(완결),3600.0,2,1
재벌 사위 말고 재벌 하겠습니다 6,3600.0,2,1
재벌 매니저는 조용히 살고 싶다 5,3600.0,2,1
검신광룡 6,3600.0,2,1
재벌 매니저는 조용히 살고 싶다 4,3600.0,2,1
검신광룡 7,3600.0,2,1
재벌 사위 말고 재벌 하겠습니다 7,3600.0,2,1
전소 1,3600.0,1,1
재벌 매니저는 조용히 살고 싶다 3,3600.0,2,1
전소 2,3600.0,1,1
용을 삼킨 검 8,3600.0,2,1
용을 삼킨 검 2,3600.0,2,1
용을 삼킨 검 11,3600.0,2,1
[BL] 마음길 안내자 2,3500.0,1,1
하룻밤만 쓰나요? 1,3500.0,1,1
빌어먹을 짓 1,3500.0,1,1
하룻밤만 쓰나요? 2,3500.0,1,1
하룻밤만 쓰나요? 3(완결),3500.0,1,1
원수를 탐하다 2(완결),3500.0,1,1
빌어먹을 짓 2,3500.0,1,1
[BL] 마음길 안내자 1,3500.0,1,1
마주보고 강제로,3500.0,1,1
[BL] 마음길 안내자 3(완결),3500.0,1,1
빌어먹을 짓 3(완결),3500.0,1,1
비서 집착 1,3400.0,1,1
비밀이 내게 걸어오면 1,3400.0,1,1
비밀이 내게 걸어오면 2,3400.0,1,1
비밀이 내게 걸어오면 3(완결),3400.0,1,1
충격실화 아내의 난교,3400.0,1,1
밤의 끝에서 1,3300.0,1,1
낯선 재회 1,3230.0,1,1
낯선 재회 2(완결),3230.0,1,1
화선무적 1,3200.0,1,1
용제검전 3,3200.0,1,1
용제검전 4,3200.0,1,1
고결한 동맹 3(완결),3200.0,1,1
친구오빠의 습격,3200.0,1,1
화선무적 2,3200.0,1,1
첫 마음 (특별외전),3125.0,2,1
역전의 순간*세트구매*,3024.0,1,1
닿지 못한 사이 1,3000.0,1,1
여제자 알몸체벌,3000.0,1,1
"너를, 안아 1",3000.0,1,1
내 눈에만 아공간이 보여 3,3000.0,1,1
야한 짓은 나하고만,3000.0,1,1
내 눈에만 아공간이 보여 2,3000.0,1,1
닿지 못한 사이 2(완결),3000.0,1,1
"너를, 안아 2(완결)",3000.0,1,1
내 눈에만 아공간이 보여 6,3000.0,1,1
내 눈에만 아공간이 보여 5,3000.0,1,1
멈출 수 없는 1,3000.0,1,1
키스로 봉인 해제,3000.0,1,1
희로 1,3000.0,1,1
희로 2,3000.0,1,1
희로 3,3000.0,1,1
희로 4(완결),3000.0,1,1
다정 중독 3(완결),2975.0,1,1
함부로 탐하다,2975.0,1,1
문과라도 안 죄송한 이세계로 감 9,2975.0,1,1
문과라도 안 죄송한 이세계로 감 8,2975.0,1,1
문과라도 안 죄송한 이세계로 감 7,2975.0,1,1
완벽한 나의 오메가 2(완결),2975.0,1,1
환락오피스텔,2975.0,1,1
완벽한 청혼 1,2890.0,1,1
완벽한 청혼 3(완결),2890.0,1,1
엄마를 사랑한 아저씨,2850.0,2,1
이혼 아내 [외전],2840.0,2,1
차 비서가 탐나면 1,2805.0,1,1
차 비서가 탐나면 2(완결),2805.0,1,1
월하정인 2,2805.0,1,1
월하정인 1,2805.0,1,1
후후,2800.0,1,1
도련님의 아이 1,2800.0,1,1
귀찮은 주치의에게 스며들 때 2,2800.0,1,1
홀리는 밤의 사정 2(완결),2800.0,1,1
홀리는 밤의 사정 1,2800.0,1,1
저질 상사한테 당하다,2750.0,1,1
무당전생 10,2720.0,1,1
철혈검신 4,2720.0,1,1
수라왕 15,2720.0,1,1
그로스 언리미티드 4,2720.0,1,1
수라왕 14,2720.0,1,1
그로스 언리미티드 3,2720.0,1,1
수라왕 13,2720.0,1,1
수라왕 12,2720.0,1,1
그로스 언리미티드 2,2720.0,1,1
수라왕 11,2720.0,1,1
수라왕 10,2720.0,1,1
철혈검신 7,2720.0,1,1
철혈검신 6,2720.0,1,1
철혈검신 5,2720.0,1,1
풍운강호 8(완결),2720.0,1,1
풍운강호 4,2720.0,1,1
철혈검신 3,2720.0,1,1
풍운강호 7,2720.0,1,1
풍운강호 6,2720.0,1,1
무당전생 6,2720.0,1,1
철혈검신 2,2720.0,1,1
그로스 언리미티드 1,2720.0,1,1
무당전생 7,2720.0,1,1
무당전생 8,2720.0,1,1
군림마도 2,2720.0,1,1
흡혈왕 바하문트 5,2720.0,1,1
장인전생 7,2720.0,1,1
무당전생 9,2720.0,1,1
풍운강호 5,2720.0,1,1
장인전생 8,2720.0,1,1
그로스 언리미티드 5,2720.0,1,1
장인전생 2,2720.0,1,1
흡혈왕 바하문트 3,2720.0,1,1
리턴 1,2720.0,1,1
나는 헌터가 싫다 2,2720.0,1,1
그로스 언리미티드 6(완결),2720.0,1,1
나는 헌터가 싫다 4,2720.0,1,1
흡혈왕 바하문트 2,2720.0,1,1
흡혈왕 바하문트 1,2720.0,1,1
독왕전설 8(완결),2720.0,1,1
장인전생 3,2720.0,1,1
리턴 3,2720.0,1,1
화산전생 11,2720.0,1,1
화산전생 12,2720.0,1,1
화산전생 13,2720.0,1,1
화산전생 14,2720.0,1,1
나는 헌터가 싫다 3,2720.0,1,1
장인전생 4,2720.0,1,1
장인전생 5,2720.0,1,1
장인전생 6,2720.0,1,1
리턴 2,2720.0,1,1
수라왕 16,2720.0,1,1
리턴 4,2720.0,1,1
수라왕 6,2720.0,1,1
사야지존 6,2720.0,1,1
수라왕 9,2720.0,1,1
리턴 5,2720.0,1,1
수라왕 17(완결),2720.0,1,1
흡혈왕 바하문트 4,2720.0,1,1
수라왕 7,2720.0,1,1
리턴 6(완결),2720.0,1,1
수라왕 8,2720.0,1,1
신이 내린 투자 천재 5,2700.0,2,1
신이 내린 투자 천재 2,2700.0,2,1
탐닉의 계절 1,2700.0,1,1
천마본기 6,2700.0,1,1
용을 삼킨 검 5,2700.0,2,1
용을 삼킨 검 7,2700.0,1,1
용을 삼킨 검 6,2700.0,2,1
용을 삼킨 검 4,2700.0,2,1
재벌 매니저는 조용히 살고 싶다 6,2700.0,2,1
용을 삼킨 검 13(완결),2700.0,2,1
탐닉의 계절 2(완결),2700.0,1,1
망한 결혼 다시 보기 1,2700.0,1,1
천하제일인 환생했다 2,2700.0,2,1
재벌 사위 말고 재벌 하겠습니다 5,2700.0,2,1
비엔비컴퍼니,2653.0,7,5
당신이 버린 아이 1,2635.0,1,1
독점욕 외전,2600.0,1,1
밤의 포식자,2550.0,1,1
인생 2회차 철종의 슬기로운 정복생활 6,2550.0,1,1
인생 2회차 철종의 슬기로운 정복생활 3,2550.0,1,1
짜릿한 회귀로 역대급 재벌! 4,2550.0,1,1
인생 2회차 철종의 슬기로운 정복생활 7,2550.0,1,1
인생 2회차 철종의 슬기로운 정복생활 2,2550.0,1,1
인생 2회차 철종의 슬기로운 정복생활 8(완결),2550.0,1,1
짜릿한 회귀로 역대급 재벌! 3,2550.0,1,1
짜릿한 회귀로 역대급 재벌! 2,2550.0,1,1
공작님과 이러면 안 되는 걸 알지만 5(완결),2550.0,1,1
미국 로또로 역대급 재벌! 10(완결),2550.0,1,1
공작님과 이러면 안 되는 걸 알지만 4,2550.0,1,1
공작님과 이러면 안 되는 걸 알지만 3,2550.0,1,1
공작님과 이러면 안 되는 걸 알지만 2,2550.0,1,1
완벽한 소유 1,2550.0,1,1
쓰레기의 취향 2(완결),2550.0,1,1
미국 로또로 역대급 재벌! 9,2550.0,1,1
미국 로또로 역대급 재벌! 8,2550.0,1,1
공작님과 이러면 안 되는 걸 알지만 1,2550.0,1,1
미국 로또로 역대급 재벌! 5,2550.0,1,1
미국 로또로 역대급 재벌! 6,2550.0,1,1
미국 로또로 역대급 재벌! 7,2550.0,1,1
"삼국지 : 유비의 책사, 천하를 삼키다. 2",2550.0,1,1
"삼국지 : 유비의 책사, 천하를 삼키다. 3",2550.0,1,1
배파,2520.0,1,1
만일야화R,2520.0,1,1
좀비의 왕 2,2500.0,1,1
더 색,2450.0,1,1
"넌 항상 날, 쉽게 버려 1",2400.0,1,1
수치스러운 밤 2,2380.0,1,1
수치스러운 밤 3(완결),2380.0,1,1
응! 니 남편이 더 잘 해!,2322.0,1,1
주인공의 곧 죽을 엄마입니다 2,2300.0,1,1
황리비가 상,2295.0,1,1
황리비가 하(완결),2295.0,1,1
어차피 사랑 3(완결),2100.0,1,1
"해요, 나쁜 짓 4(완결)",2070.0,1,1
"해요, 나쁜 짓 3",2070.0,1,1
"해요, 나쁜 짓 2",2070.0,1,1
MeGa,2030.0,6,3
너무 큰 아들친구,2022.0,1,1
정말 힘들게 따먹었다,2000.0,1,1
어린 여자 벗기는 법,2000.0,1,1
빈백바스켓,1960.0,2,2
은밀한 사정 3(완결),1955.0,1,1
은밀한 사정 2,1955.0,1,1
은밀한 사정 1,1955.0,1,1
감각 오류 (외전),1925.0,2,1
소문난 아저씨 [외전],1900.0,1,1
한결미디어,1890.0,3,2
에브리웨이,1890.0,1,1
엘리제의 보충 수업 1,1850.0,2,1
재벌 매니저는 조용히 살고 싶다 7(완결),1800.0,2,1
천마본기 7,1800.0,1,1
학사 김필도 2,1800.0,1,1
신이 내린 투자 천재 7,1800.0,2,1
신이 내린 투자 천재 6,1800.0,2,1
신이 내린 투자 천재 4,1800.0,1,1
신이 내린 투자 천재 3,1800.0,1,1
천하제일인 환생했다 3,1800.0,2,1
천마본기 8(완결),1800.0,1,1
학사 김필도 3,1800.0,1,1
학사 김필도 4,1800.0,1,1
아무것도 아닌 네가 1,1800.0,1,1
용을 삼킨 검 3,1800.0,2,1
천마본기 5,1800.0,1,1
천마본기 4,1800.0,1,1
천마본기 3,1800.0,1,1
천마본기 2,1800.0,1,1
닉네임 좀비헌터 2,1800.0,1,1
파란,1680.0,1,1
한낮,1540.0,1,1
의붓딸 성교육 시키기,1522.0,1,1
알몸의 처형,1522.0,1,1
남의 아내를 맛보다,1505.0,1,1
세러피스트 외전,1500.0,1,1
의붓아들 그놈,1449.0,1,1
mega,1400.0,1,2
늪,1344.0,2,1
창작집단 뻘,1073.44,2,2
썰,1050.0,2,1
혜리썸,1050.0,1,1
치명적인 여친엄마,1000.0,1,1
도련님이랑 하면 어때서,1000.0,1,1
역전의 순간 (외전),1000.0,1,1
아버님이 교육하는 첫날밤. 1,1000.0,1,1
사생아 황녀는 매일 밤 2(완결),1000.0,1,1
"장모님, 한 번만 대주세요 2",1000.0,1,1
아버님이 교육하는 첫날밤. 4,1000.0,1,1
아버님이 교육하는 첫날밤. 2,1000.0,1,1
아버님이 교육하는 첫날밤. 3,1000.0,1,1
귀환 헌터 5,1000.0,1,1
아버님이 교육하는 첫날밤. 외전 (2부),1000.0,1,1
"옆집 아저씨, 제 수갑 좀 풀어 주세요",1000.0,1,1
아버님이 교육하는 첫날밤. 5,1000.0,1,1
아버님이 교육하는 첫날밤. 6,1000.0,1,1
지배 욕구 (외전),990.0,1,1
주식회사 엔리즈,980.0,1,1
내 아들의 몹쓸 짓,949.0,1,1
나 빼고 먼치킨 6,900.0,1,1
나 빼고 먼치킨 5,900.0,1,1
나 빼고 먼치킨 7,900.0,1,1
나 빼고 먼치킨 4,900.0,1,1
나 빼고 먼치킨 3,900.0,1,1
닉네임 좀비헌터 10,900.0,1,1
나 빼고 먼치킨 2,900.0,1,1
학사 김필도 7,900.0,1,1
하오대문 8,900.0,1,1
하오대문 9,900.0,1,1
광풍무 4,900.0,1,1
불과 달의 노래 4,900.0,1,1
광풍무 3,900.0,1,1
학사 김필도 5,900.0,1,1
학사 김필도 6,900.0,1,1
학사 김필도 8,900.0,1,1
금검혈도 1,900.0,1,1
학사 김필도 9(완결),900.0,1,1
불과 달의 노래 3,900.0,1,1
광풍무 2,900.0,1,1
불과 달의 노래 2,900.0,1,1
불과 달의 노래 11(완결),900.0,1,1
불과 달의 노래 10,900.0,1,1
흑제 1,900.0,1,1
하오대문 7,900.0,1,1
축구천재는 명장이 됩니다 6,900.0,1,1
하오대문 6,900.0,1,1
하오대문 5,900.0,1,1
킹 엘리온 2,900.0,1,1
킹 엘리온 3,900.0,1,1
킹 엘리온 4,900.0,1,1
탐닉의 계절 [외전],900.0,1,1
불과 달의 노래 9,900.0,1,1
불과 달의 노래 8,900.0,1,1
불과 달의 노래 7,900.0,1,1
불과 달의 노래 6,900.0,1,1
광풍무 7,900.0,1,1
광풍무 6,900.0,1,1
광풍무 5,900.0,1,1
하오대문 10(완결),900.0,1,1
하오대문 2,900.0,1,1
하오대문 3,900.0,1,1
하오대문 4,900.0,1,1
축구천재는 명장이 됩니다 7(완결),900.0,1,1
의술의 신 11,900.0,1,1
축구천재는 명장이 됩니다 5,900.0,1,1
닉네임 좀비헌터 9,900.0,1,1
닉네임 좀비헌터 13,900.0,1,1
닉네임 좀비헌터 14,900.0,1,1
닉네임 좀비헌터 15(완결),900.0,1,1
영영물망 2,900.0,1,1
단우비 7,900.0,1,1
단우비 6,900.0,1,1
단우비 5,900.0,1,1
단우비 4,900.0,1,1
의술의 신 9,900.0,1,1
의술의 신 8,900.0,1,1
의술의 신 7,900.0,1,1
의술의 신 6,900.0,1,1
의술의 신 5,900.0,1,1
의술의 신 4,900.0,1,1
의술의 신 3,900.0,1,1
의술의 신 2,900.0,1,1
의술의 신 10,900.0,1,1
단우비 3,900.0,1,1
닉네임 좀비헌터 3,900.0,1,1
닉네임 좀비헌터 4,900.0,1,1
닉네임 좀비헌터 5,900.0,1,1
왕의 투구 2,900.0,1,1
단우비 2,900.0,1,1
닉네임 좀비헌터 6,900.0,1,1
닉네임 좀비헌터 7,900.0,1,1
닉네임 좀비헌터 12,900.0,1,1
닉네임 좀비헌터 11,900.0,1,1
가수는 아무나 하나? 9,900.0,1,1
가수는 아무나 하나? 4,900.0,1,1
축구천재는 명장이 됩니다 4,900.0,1,1
축구천재는 명장이 됩니다 3,900.0,1,1
축구천재는 명장이 됩니다 2,900.0,1,1
가수는 아무나 하나? 10,900.0,1,1
샤피로 1,900.0,1,1
샤피로 2,900.0,1,1
샤피로 3,900.0,1,1
천리투안 1,900.0,1,1
가수는 아무나 하나? 12(완결),900.0,1,1
가수는 아무나 하나? 2,900.0,1,1
가수는 아무나 하나? 3,900.0,1,1
가수는 아무나 하나? 5,900.0,1,1
정복자 3,900.0,1,1
정복자 2,900.0,1,1
신이 내린 투자 천재 8,900.0,1,1
신이 내린 투자 천재 9,900.0,1,1
가수는 아무나 하나? 6,900.0,1,1
가수는 아무나 하나? 7,900.0,1,1
가수는 아무나 하나? 8,900.0,1,1
가수는 아무나 하나? 11,900.0,1,1
닉네임 좀비헌터 8,900.0,1,1
어느 백작 부인의 은밀한 비밀,850.0,1,1
쓰레기의 취향 [외전],850.0,1,1
"아버님, 아이를 갖고 싶어요",850.0,1,1
"형부, 들어와요",850.0,1,1
엘리제의 보충 수업. 외전,850.0,1,1
완벽한 나의 오메가 (외전),850.0,1,1
폭군에게 길들여진 밤,850.0,1,1
비밀이 내게 걸어오면 외전,800.0,1,1
그녀는 의붓누나였어요,755.0,1,1
미혹 [외전],700.0,1,1
리즐리안,700.0,1,1
어썸S,700.0,1,1
해오름하루,700.0,1,1
쉿! 남편한테는 비밀,694.0,1,1
아빠 몰래 새 엄마랑,694.0,1,1
"어머,너 뒤로도 해봤니",694.0,1,1
엄마들을 위한 포르노,694.0,1,1
아줌마가 대신 해줄까,655.0,1,1
b&m,630.0,2,1
알에스미디어,589.22,1,1
더 강한 걸 원해요,549.0,1,1
짐승같은 아들친구,549.0,1,1
옆집아저씨의 몹쓸짓,522.0,1,1
나쁜 친구남편,522.0,1,1
의붓아빠,522.0,1,1
직장 연애사 그 은밀한 SEX,522.0,1,1
옆집 AV여배우,522.0,1,1
옆집의 나쁜 놈,522.0,1,1
충격 젊은 장모님,522.0,1,1
이제 대줄 남자도 없어,522.0,1,1
엽색녀,522.0,1,1
"어머니, 저한테 왜 이러세요?",500.0,1,1
형은 없고 형수만…,500.0,1,1
아내의 딸을 탐하다,400.0,1,1
"자, 나처럼 벌려봐",400.0,1,1
남편 거보다 좋아,400.0,1,1
노팬티 메이드,400.0,1,1
아트펍,373.21999999999997,1,2
내 아내와 트리플,294.0,1,1
옆집아내를 맛보다,294.0,1,1
유부녀 알몸마사지,294.0,1,1
욕망에 눈멀다 나쁜아내,294.0,1,1
섹스 홀릭에 빠진 유부녀,294.0,1,1
"누나, 강제로는 싫어요",294.0,1,1
남편말고 어린 애인,294.0,1,1
밝은누리정보,280.0,3,1
타부 - 체인징섹스 3(완결),255.0,1,1
참을 수 없는 그것,255.0,1,1
모녀와 한방에서,255.0,1,1
그럼 이제 바꿔서 해볼까?,255.0,1,1
잠결에 흥분한 여자,255.0,1,1
나쁜 삼촌들,255.0,1,1
타부 - 체인징섹스 2,255.0,1,1
엄마들의 위험한 욕정,255.0,1,1
아내 섹스를 훔쳐보다,255.0,1,1
알몸의 유부녀,255.0,1,1
이번엔 나랑 하면 안될까?,255.0,1,1
너도 내 남편이랑 해,255.0,1,1
이 여자랑 자고 싶다,255.0,1,1
능욕커플,255.0,1,1
니 남편도 만만치 않아,255.0,1,1
디콘북,189.0,1,1
애니툰,70.0,1,1
딱지,0.0,1,1
Lace,0.0,1,1
스토리뱅크,0.0,1,1
라이트노벨,0.0,1,1
도서출판그레이스,0.0,1,1
아이보리잉크,0.0,7,1
네이비블루북스,0.0,1,1
시크릿e북,0.0,1,1
젤라빈,0.0,1,1
아름다운날,0.0,1,1
레드필로우 레드필로우,0.0,1,1
가로수길,0.0,12,1
