출판사명,레이블명,분야
AM미디어,백야,장르소설
AP북스,APBOOKS,장르소설
AP북스,AP북스,
AP북스,BOOK 19,장르소설
AP북스,Miyoo,
AP북스,X Wolf,오디오북
AP북스,so what,장르소설
AP북스,레드망고,장르소설
AP북스,야한 버스,장르소설
AP북스,에이피북스,
AP북스,엔플러스,
AP북스,창작집단 뻘,
AP북스,퀸스토리,장르소설
가갸날,가갸날,일반단행본
가디언,가디언,만화
가디언,시루,만화
가로수길,가로수길,
가온북스,내일을여는책,일반단행본
가온북스,다옴북스,장르소설
가온북스,레드바나나,장르소설
가온북스,반디출판사,일반단행본
가온북스,봄풀출판,일반단행본
가온북스,샘터,일반단행본
가온북스,샘터사,일반단행본
가온북스,책길,일반단행본
가온북스,키큰도토리,일반단행본
가온북스,플레이룸,장르소설
가온북스,행복에너지,일반단행본
가온북스,행복한 에너지,일반단행본
가온북스,휴먼탑,일반단행본
교보문고,교보문고,
교보문고,디키스토리,일반단행본
교보문고,마카롱,일반단행본
교보문고,스워드디키,장르소설
교보문고,어딕트디키,장르소설
글로라이터,글로라이터,
글로벌컨텐츠,러브홀릭,오디오북
글로벌컨텐츠,키다리 스튜디오,오디오북
꼬제,달리아,
꼬제,달리아(스토리숲),
꼬제,라포레,
꼬제,라포레(스토리숲),
꼬제,미니꼬제,
꼬제,벨숲,
꼬제,벨숲(스토리숲),
꼬제,오넷,
꼬제,유니브,
꼬제,유즈비,
꼬제,제녹,
나인스펙트럼,나인스펙트럼,
넥스트레벨스튜디오,넥스트레벨 스튜디오,
넥스트레벨스튜디오,넥스트레벨스튜디오,
늘솔북스,Mare,
늘솔북스,Tasty,
늘솔북스,늘솔북스,장르소설
늘솔북스,늪,
다온북스,다온북스,일반단행본
다온북스,다온북스컴퍼니,일반단행본
다온북스,하이픈,일반단행본
다인북스,다인북스,일반단행본
다인북스,발해그후,일반단행본
닷츠미디어,체리닷,
닷츠미디어,피치닷,
더로맨틱,일리걸,장르소설
더파란스튜디오,더파란스튜디오,
도서출판 그레이스,도서출판 그레이스,
도서출판 그레이스,도서출판그레이스,
도서출판 레토,델로스,
도서출판 레토,레테나잇,
도서출판 레토,레토북스,
도서출판 레토,아르테미스,
도서출판 레토,아폴론,
도서출판 리채,레드로즈,
도서출판 선,도서출판 선,장르소설
도서출판 윤송,9.79117E+12,
도서출판 윤송,도서출판윤송,
도서출판 윤송,빈백바스켓,
도서출판 윤송,파인컬렉션,
도서출판 정연,요미북스,
도서출판 정연,코튼북스,
도서출판 하마,도서출판 하마,일반단행본
도서출판 해울,도서출판 해울,
도서출판가하,가하 누벨,장르소설
도서출판가하,가하 디엘,장르소설
도서출판가하,가하 비엘,장르소설
도서출판가하,가하 에픽,장르소설
도서출판가하,가하 플러스,장르소설
도서출판가하,도서출판 가하,장르소설
도서출판공감,도서출판 공감,장르소설
도서출판동아,동아,장르소설
도서출판동아,로담,장르소설
도서출판동아,문릿노블,장르소설
도서출판동아,슈가 노블,장르소설
도서출판동아,슈가노블,장르소설
도서출판동아,시크노블,장르소설
도서출판동아,인피니티,장르소설
도서출판동아,제로노블,장르소설
도서출판동아,제로노블112,장르소설
도서출판동아,제로노블118,장르소설
도서출판동아,제로노블119,장르소설
도서출판동아,제로노블120,장르소설
도서출판동아,제로노블121,장르소설
도서출판동아,제로노블122,장르소설
도서출판동아,제로노블124,장르소설
도서출판동아,제로노블126,장르소설
도서출판동아,제로노블127,장르소설
도서출판동아,제로노블128,장르소설
도서출판동아,제로노블141,장르소설
도서출판동아,제로노블142,장르소설
도서출판동아,크림 노블,장르소설
도서출판동아,크림노블,장르소설
도서출판별솔,도서출판 별솔,장르소설
도서출판별솔,별다름,장르소설
도서출판수려한,수려한,장르소설
도서출판윤송,도서출판 윤송,장르소설
도서출판윤송,윤송벨리,장르소설
도서출판윤송,윤송블린,장르소설
도서출판윤송,윤송스피넬,장르소설
도서출판청어람,MUSE,장르소설
도서출판청어람,녹턴,장르소설
도서출판청어람,이젠북,장르소설
도서출판청어람,청어람 M&B,일반단행본
디앤씨미디어,디앤씨북스,
디앤씨미디어,시드노벨,장르소설
디앤씨미디어,시드북스,
디앤씨미디어,잇북(It Book),
디앤씨미디어,톤(TONE),
디앤씨미디어,파피루스,장르소설
딜라이트북스,딜라이트북스,장르소설
딜라이트북스,문라이트북스,장르소설
라미북스,라미북스,장르소설
라인북스,라인북스,장르소설
래이니북스,도파민,
래이니북스,래이니북스,
랩콘스튜디오,답인(答人),
러프미디어,디아망,장르소설
러프미디어,러프미디어,장르소설
러프미디어,제이케이미디어,장르소설
러프미디어,클라르테,
레드필로우,레드필로우,
레드필로우,레드필로우 레드필로우,
로망띠끄,BLme,
로망띠끄,노크(Knock),
로망띠끄,노크(knock),
로망띠끄,더브루니,
로망띠끄,로망띠끄,일반단행본
로망띠끄,로망로즈,
로망띠끄,리얼라엘,
로망띠끄,블랙마켓,
로망띠끄,수스토리,
로망띠끄,시크하라,
로망띠끄,원샷(OneShot),
로망띠끄,후후,
루나문,루나문,
리그미디어,리그미디어,
리더북스,리더북스,일반단행본
리엔터,아라벨,
리엔터,히어로블,
리체북스앤미디어,N.fic,
리체북스앤미디어,리체북스앤미디어,
리케,리케,장르소설
마야마루,M블루,장르소설
마야마루,동행,장르소설
마야마루,마롱,장르소설
마야마루,마루&마야,
마야마루,마르스,장르소설
마야마루,마야&마루,만화
마야마루,마야마루,장르소설
마야마루,말레피카,장르소설
마야마루,페리윙클,장르소설
마야마루,페리윙클+,장르소설
마인드큐브,딱지,
마인드큐브,마인드큐브,일반단행본
메르헨미디어,나비레드,장르소설
메르헨미디어,블루로즈,장르소설
문샷,문샷,장르소설
미담컴퍼니,루어,
미담컴퍼니,리즈,
미툰앤노벨,MeGa,
미툰앤노벨,mega,
미툰앤노벨,미어덜트,
바로나글,딥블루클립,
바로나글,레드클립,
바로나글,퍼플클립,
밝은누리,밝은누리정보,
베아트리체,데미안 클럽,장르소설
베아트리체,베아트리체,장르소설
보라북스,보라북스,
보리출판사,보리출판사,일반단행본
봄미디어,MANZ',장르소설
봄미디어,레이드,
봄미디어,레이시노블,장르소설
봄미디어,봄 미디어,장르소설
봄미디어,봄미디어,
봄미디어,크라운 노블,장르소설
봄의정원,달빛정원,장르소설
봄의정원,봄의정원,일반단행본
북스트림,더클북컴퍼니,장르소설
북큐브,R,장르소설
북큐브,로맨스토리,장르소설
북큐브,북큐브,장르소설
북큐브,비하인드,장르소설
북큐브,은설,장르소설
북큐브,판무스토리,장르소설
북큐브,환상북스,장르소설
뷰컴즈,뷰컴즈,장르소설
블루마운틴소프트,에피루스,장르소설
비룡소,고릴라박스,만화
비엔비컴퍼니,비엔비컴퍼니,장르소설
비즈앤노블,비즈앤노블,장르소설
빅토리북스,길티플레저,장르소설
빅토리북스,빅토리북스,장르소설
빅토리북스,캐롯앤스틱,장르소설
뿔미디어,B&M,
뿔미디어,b&m,
뿔미디어,다향,
뿔미디어,블래이,
뿔미디어,뿔미디어,만화
뿔미디어,스칼렛,
뿔미디어,엉뚱한앙마,
뿔미디어,필,
사슴의풀밭,더 색,
사슴의풀밭,라이즈,
사슴의풀밭,로튼로즈,
사슴의풀밭,블로우,
사슴의풀밭,사슴의 풀밭,
사슴의풀밭,사슴의풀밭,
사슴의풀밭,썰,
사슴의풀밭,아이즈,
사슴의풀밭,클린로즈,
사슴의풀밭,타오름그믐,
사슴의풀밭,해오름하루,
사슴의풀밭,혜리썸,
삼양씨앤씨,단글,장르소설
삼양씨앤씨,드림노블,
삼양씨앤씨,드림북스,일반단행본
삼양씨앤씨,로즈벨벳,장르소설
삼양씨앤씨,벨노블,장르소설
삼양씨앤씨,스윗드림,장르소설
삼양씨앤씨,연담,장르소설
삼양씨앤씨,피오렛,
상상출판,상상출판,일반단행본
소미미디어,愛Romance,장르소설
소미미디어,블랙레코드,장르소설
소미미디어,블랙레코드 플러스,장르소설
소미미디어,소미미디어,장르소설
소미미디어,클릭북스,장르소설
소미미디어,폭시노블,장르소설
소이미디어,누디나잇,
소이미디어,누디나잇 플러스,
소이미디어,스노우미디어,
소이미디어,썸데이,
소이미디어,프리빌리지,
스마트북스,스마트인,장르소설
스마트빅,도서출판쉼표,장르소설
스마트빅,레드립,장르소설
스마트빅,레이디,장르소설
스마트빅,레이어드,
스마트빅,셀레나,
스마트빅,스마트빅,만화
스마트빅,원타임,장르소설
스마트빅,일향만리,
스마트빅,페브,
스마트빅,페일블루,
스마트인,스마트주니어,일반단행본
스토리야,마미,
스토리야,스토리야,일반단행본
스토리튠즈,스토리튠즈,장르소설
스토리펀치,테라스북,장르소설
스토리펀치,판타지존,장르소설
스토린랩,LACE,
스토린랩,Lace,
스토린랩,NUDI,
스토린랩,답청(踏靑),
스토린랩,매드햇,장르소설
스토린랩,버닝북스,
스토린랩,브랜디,장르소설
스토린랩,사이렌,장르소설
스토린랩,슈미즈,장르소설
스토린랩,스토린랩,
스토린랩,시계토끼,장르소설
스토린랩,심월(心月),장르소설
스토린랩,앨리스,장르소설
스토린랩,체셔,장르소설
스토린랩,하트퀸,장르소설
스토린랩,화월(花月),
시간여행,시간여행,일반단행본
시크릿e북,시크릿e북,장르소설
시크릿하우스,Room13,장르소설
식스북,식스북,
신드롬,모던,
신드롬,신드롬,장르소설
신드롬,인첸티드,
씨앤북스,씨앤북스,일반단행본
씨앤제이,더로맨틱,장르소설
씨앤제이,어썸S,
씨에스케이,네이비블루북스,
씨에스케이,노블크런치,장르소설
씨에스케이,씨에스케이,일반단행본
씨에스케이,월드미디어포럼,장르소설
아이웰콘텐츠,낭추,장르소설
아이웰콘텐츠,비티타임즈,일반단행본
아이웰콘텐츠,아이웰콘텐츠,일반단행본
아이웰콘텐츠,엘블링,장르소설
아토북,아토북,
아토북,아토북(Atto Book),
아트펍,아트펍,
알에스미디어,디콘북,
알에스미디어,알에스매니지먼트,일반단행본
알에스미디어,알에스미디어,일반단행본
애니툰,애니툰,장르소설
어나더,폴링인북스,장르소설
에브리웨이,에브리나인,장르소설
에브리웨이,에브리리베,장르소설
에브리웨이,에브리북,장르소설
에브리웨이,에브리웨이,
에이엠미디어,한낮,
에이피북스,Red Cat,
에이피북스,red cat,
에필로그,글누림,장르소설
에필로그,에필로그,장르소설
엔리즈,엔리즈,
엔리즈,주식회사 엔리즈,
엔릿미디어,다크하우스,장르소설
엔릿미디어,다하,
엔릿미디어,라이트하우스,장르소설
엔릿미디어,라하,장르소설
엔블록,방아간,장르소설
엔블록,벨아모르,장르소설
엔블록,엔블록,장르소설
엔블록,이쪽소녀,장르소설
영상노트,X-media,장르소설
영상노트,Xmedia,장르소설
영상노트,굠굠코믹스,만화
영상노트,나이트노벨,장르소설
영상노트,노블엔진 팝,장르소설
영상노트,돌체,장르소설
영상노트,루체,장르소설
영상노트,루체코믹스,만화
영상노트,리체,장르소설
영상노트,리체코믹스,만화
영상노트,바닐라,장르소설
영상노트,시폰,장르소설
영상노트,영상노트,일반단행본
영상노트,체리티노블,장르소설
영상노트,코믹 레인,만화
영상노트,피아체,장르소설
영상출판미디어,노블엔진,장르소설
영상출판미디어,라이트노벨,
예원북스,LINE,장르소설
예원북스,메르헨 코믹스,만화
예원북스,메르헨노블,장르소설
예원북스,메르헨코믹스,만화
예원북스,아인(AIN),장르소설
오늘은북스,오늘은북스,
오쉬컴퍼니,오쉬컴퍼니,
오쉬컴퍼니,팀오쉬,장르소설
와이엠북스,뉴콕,장르소설
와이엠북스,와이엠북스,
와이엠북스,은밀한상상,
와이엠북스,콕테일,
와이엠북스,티파티,장르소설
웅진씽크빅,ARC,장르소설
웅진씽크빅,달밤,
웅진씽크빅,사막여우,
웅진씽크빅,야간비행,
위북,위북,일반단행본
위북(WeBook),위북(WeBook),일반단행본
위브랩,블랙릴리,
위즈덤커넥트,아이보리잉크,
위즈덤커넥트,애쉬그레이,장르소설
위즈덤커넥트,위즈덤커넥트,일반단행본
위즈덤커넥트,젤라빈,
위즈덤커넥트,젤리빈,장르소설
위즈덤하우스,위즈덤하우스,장르소설
위즈덤하우스,인앤아웃,장르소설
위즈덤하우스,잇다,장르소설
위즈덤하우스,틴케이스,장르소설
유피미디어,책읽는여우,일반단행본
율리시즈,민들레북,
율리시즈,율리시즈,일반단행본
이스토리아,이스토리아,
이야기들,레이디가넷,장르소설
이야기들,비터애플,장르소설
이야기들,이야기 들,장르소설
이플북스,배파,
이플북스,에오스,
이플북스,오드캣,
이플북스,오드캣미디어,
이플북스,플로라,
인디페이퍼,인디페이퍼,장르소설
인타임,인타임,장르소설
읽을레오,읽을레오,
잉크어스,잉크어스,
작가정신,작가정신,만화
작가컴퍼니,JC미디어,장르소설
작가컴퍼니,JK미디어,장르소설
작가컴퍼니,로제토,장르소설
작가컴퍼니,블랙로즈,
작가컴퍼니,작가컴퍼니,
작은우주,북아지트,일반단행본
정씨책방,리플레이,일반단행본
정씨책방,정씨책방,오디오북
정씨책방,책비,오디오북
조은세상,조은세상,장르소설
주은,주은출판사,
주은출판사,주은,장르소설
지심미디어,밤새던,
지심미디어,빛나던,
채음,만일야화B,
채음,만일야화R,
채음,채음,
책들의정원,부커,일반단행본
책들의정원,책들의 정원,일반단행본
책들의정원,책들의정원,일반단행본
책들의정원,페이퍼버드,일반단행본
책들의정원,피오르드,일반단행본
첫문장,첫문장,
청어람,누보로망,
청어람,청어람,
청어람,청어람출판사,
칠월토끼,칠월토끼,
캔미디어,CANMEDIA,장르소설
캔미디어,캔미디어,장르소설
케이너스랩,YAMANCE,
케이너스랩,블랙북,장르소설
케이너스랩,야맨스,
케이너스랩,케이너스랩,장르소설
코핀커뮤니케이션즈,델피뉴,장르소설
코핀커뮤니케이션즈,코핀 커뮤니케이션즈,장르소설
코핀커뮤니케이션즈,크로커스,장르소설
코핀커뮤니케이션즈,튜베로사,장르소설
코핀커뮤니케이션즈,페로체,장르소설
키다리스튜디오,styleB,장르소설
키다리스튜디오,포텐,장르소설
키다리스튜디오,프로무림,장르소설
테라핀,이지콘텐츠,
테라핀,일랑,
테라핀,코핀북스,
토네이도,심야책방,일반단행본
툰플러스,툰플러스,장르소설
팀씨에스피에스피,하이북,장르소설
파란미디어,새파란상상,
파란미디어,파란,
파란미디어,파란미디어,
파란미디어,파란썸,
패러그래프,패러그래프,
페퍼민트,딜(Dill),장르소설
페퍼민트,민트BL,장르소설
페퍼민트,페퍼민트,장르소설
펜드라마,펜드라마,
푸르름,푸르름,장르소설
플로린,고트북스,
플로린,리본,
플로린,어필,
플로린,영북스,
플로린,오브 (Aube),
플로린,플로린,
피우리,웰콘텐츠,장르소설
피우리,피우리,일반단행본
피제이미디어,PJ미디어,
피플앤스토리,ardor,장르소설
피플앤스토리,halo,장르소설
피플앤스토리,레드피플,장르소설
피플앤스토리,시나몬북스,장르소설
피플앤스토리,지노벨,장르소설
피플앤스토리,페가수스,장르소설
피플앤스토리,피플앤스토리,장르소설
하마출판사,하마,일반단행본
하이북,팀씨에스피,
한결미디어,한결미디어,일반단행본
해피북스투유,뒹굴,
해피북스투유,레드라인,장르소설
해피북스투유,해피북스투유,장르소설
휴브릿지,휴브릿지,장르소설
희우,리즐리안,
희우,희우,
