판매일,작품 ID,분류,작품명,작가명,레이블,회차 판매가 (원),총 사용 건수 (건),초기 무료 회차,에다무,광고보면 무료,신규 혜택 대여,유상 대여,소장,총 판매 건수 (건),광고보면 무료 판매금액 (원),광고보면 무료 운영 수수료 (원),소장 판매금액 (원),소장 운영 수수료 (원),대여 판매금액 (원),대여 운영 수수료 (원),판매 금액 합계 (원),운영 수수료 합계 (원),정산 금액 합계 (원)
2026.2.1,1419,웹소설,끝정,벚꽃그리고,플로린,100,4,4,0,0,0,0,0,0,0,0,0,0,0,0,0,0,0
2026.2.1,1676,웹소설,흑막 도련님이 엉덩이 맴매에 집착한다,홍당근,리본,100,3,3,0,0,0,0,0,0,0,0,0,0,0,0,0,0,0
2026.2.1,2423,웹소설,베드 파트너,이로이,사막여우,100,3,3,0,0,0,0,0,0,0,0,0,0,0,0,0,0,0
2026.2.1,2511,웹소설,내가 M이라니,죄송한취향,시계토끼,100,28,28,0,0,0,0,0,0,0,0,0,0,0,0,0,0,0
2026.2.1,2643,웹소설,에피소드,유이세스,하트퀸,100,12,11,0,0,0,0,1,1,0,0,100,30,0,0,100,30,70
2026.2.1,3181,웹소설,뜨겁게 박히다,느린돌,사막여우,100,2,2,0,0,0,0,0,0,0,0,0,0,0,0,0,0,0
2026.2.1,3189,웹소설,죽었던 남편이 계략남으로 돌아왔다,하이엘라,사막여우,100,1,0,0,0,0,0,1,1,0,0,100,30,0,0,100,30,70
2026.2.1,3555,웹소설,남편과 파트너 사이,느린돌,사막여우,100,4,4,0,0,0,0,0,0,0,0,0,0,0,0,0,0,0
2026.2.1,4801,웹소설,모노크롬 루머,치율,M블루,100,6,6,0,0,0,0,0,0,0,0,0,0,0,0,0,0,0
2026.2.1,6599,웹소설,크고 잘생긴 오빠 친구,채하정,달밤,100,1,1,0,0,0,0,0,0,0,0,0,0,0,0,0,0,0
2026.2.1,13427,웹소설,내 젤리를 너에게 바친다,감규울,앨리스,100,2,2,0,0,0,0,0,0,0,0,0,0,0,0,0,0,0
2026.2.1,16792,웹소설,저주 짝꿍을 찾습니다,무가연,페리윙클,100,13,11,0,0,0,0,2,2,0,0,200,60,0,0,200,60,140
2026.2.1,18617,웹소설,오빠가 해줄게,진숙,하트퀸,100,2,2,0,0,0,0,0,0,0,0,0,0,0,0,0,0,0
2026.2.1,19390,웹소설,[BL] 가면극,사유담,희우,100,2,2,0,0,0,0,0,0,0,0,0,0,0,0,0,0,0
2026.2.1,20491,웹소설,"나를, 안아",차가울(미캉),고트북스,100,1,0,0,0,0,0,1,1,0,0,100,30,0,0,100,30,70
2026.2.1,20580,웹소설,힘을 숨겨도 공녀가 제일 강함,설윤영,앨리스,100,2,0,0,0,0,0,2,2,0,0,200,60,0,0,200,60,140
2026.2.2,1419,웹소설,끝정,벚꽃그리고,플로린,100,8,8,0,0,0,0,0,0,0,0,0,0,0,0,0,0,0
2026.2.2,1569,웹소설,상사와 그런 사이,레이먼,래이니북스,100,3,3,0,0,0,0,0,0,0,0,0,0,0,0,0,0,0
2026.2.2,2423,웹소설,베드 파트너,이로이,사막여우,100,3,3,0,0,0,0,0,0,0,0,0,0,0,0,0,0,0
2026.2.2,2511,웹소설,내가 M이라니,죄송한취향,시계토끼,100,3,3,0,0,0,0,0,0,0,0,0,0,0,0,0,0,0
2026.2.2,2643,웹소설,에피소드,유이세스,하트퀸,100,18,18,0,0,0,0,0,0,0,0,0,0,0,0,0,0,0
2026.2.2,3184,웹소설,몰락,최강토끼,사막여우,100,1,1,0,0,0,0,0,0,0,0,0,0,0,0,0,0,0
2026.2.2,3189,웹소설,죽었던 남편이 계략남으로 돌아왔다,하이엘라,사막여우,100,1,0,0,0,0,0,1,1,0,0,100,30,0,0,100,30,70
2026.2.2,4801,웹소설,모노크롬 루머,치율,M블루,100,4,4,0,0,0,0,0,0,0,0,0,0,0,0,0,0,0
2026.2.2,18617,웹소설,오빠가 해줄게,진숙,하트퀸,100,2,2,0,0,0,0,0,0,0,0,0,0,0,0,0,0,0
2026.2.2,19390,웹소설,[BL] 가면극,사유담,희우,100,2,2,0,0,0,0,0,0,0,0,0,0,0,0,0,0,0
2026.2.2,20361,웹소설,아저씨,강태형,하트퀸,100,1,0,0,0,0,0,1,1,0,0,100,30,0,0,100,30,70
2026.2.2,20580,웹소설,힘을 숨겨도 공녀가 제일 강함,설윤영,앨리스,100,2,0,0,0,0,0,2,2,0,0,200,60,0,0,200,60,140
2026.2.3,1419,웹소설,끝정,벚꽃그리고,플로린,100,6,6,0,0,0,0,0,0,0,0,0,0,0,0,0,0,0
2026.2.3,1541,웹소설,만져도 돼?,차가울(미캉),플로린,100,2,2,0,0,0,0,0,0,0,0,0,0,0,0,0,0,0
2026.2.3,1632,웹소설,이혼하러 온 주제에,상림(메리J),플로린,100,2,2,0,0,0,0,0,0,0,0,0,0,0,0,0,0,0
2026.2.3,1676,웹소설,흑막 도련님이 엉덩이 맴매에 집착한다,홍당근,리본,100,2,2,0,0,0,0,0,0,0,0,0,0,0,0,0,0,0
2026.2.3,2423,웹소설,베드 파트너,이로이,사막여우,100,1,1,0,0,0,0,0,0,0,0,0,0,0,0,0,0,0
2026.2.3,2511,웹소설,내가 M이라니,죄송한취향,시계토끼,100,2,2,0,0,0,0,0,0,0,0,0,0,0,0,0,0,0
2026.2.3,2513,웹소설,네 마리 포식자들,하얀백지,시계토끼,100,1,1,0,0,0,0,0,0,0,0,0,0,0,0,0,0,0
2026.2.3,2633,웹소설,불순한 비서계약 [19세 개정판],삼색냥,하트퀸,100,5,0,0,0,0,0,5,5,0,0,500,150,0,0,500,150,350
2026.2.3,2643,웹소설,에피소드,유이세스,하트퀸,100,13,13,0,0,0,0,0,0,0,0,0,0,0,0,0,0,0
2026.2.3,3180,웹소설,온전하지 못한 관계,하루가 너무 길다,사막여우,100,1,1,0,0,0,0,0,0,0,0,0,0,0,0,0,0,0
2026.2.3,3181,웹소설,뜨겁게 박히다,느린돌,사막여우,100,6,5,0,0,1,0,0,0,0,0,0,0,0,0,0,0,0
2026.2.3,3189,웹소설,죽었던 남편이 계략남으로 돌아왔다,하이엘라,사막여우,100,1,0,0,0,0,0,1,1,0,0,100,30,0,0,100,30,70
2026.2.3,3554,웹소설,후회해도,짙은,사막여우,100,3,3,0,0,0,0,0,0,0,0,0,0,0,0,0,0,0
2026.2.3,3555,웹소설,남편과 파트너 사이,느린돌,사막여우,100,1,1,0,0,0,0,0,0,0,0,0,0,0,0,0,0,0
2026.2.3,3804,웹소설,BL 웹드라마의 남주가 되었다.,쪼꼬빔,M블루,100,1,1,0,0,0,0,0,0,0,0,0,0,0,0,0,0,0
2026.2.3,14216,웹소설,못된 오빠,평온한,사막여우,100,3,3,0,0,0,0,0,0,0,0,0,0,0,0,0,0,0
2026.2.3,16792,웹소설,저주 짝꿍을 찾습니다,무가연,페리윙클,100,3,2,0,0,0,0,1,1,0,0,100,30,0,0,100,30,70
2026.2.3,19390,웹소설,[BL] 가면극,사유담,희우,100,2,0,0,0,0,0,2,2,0,0,200,60,0,0,200,60,140
2026.2.3,20412,웹소설,침대 위의 대표님,왕기대,,100,3,3,0,0,0,0,0,0,0,0,0,0,0,0,0,0,0
2026.2.3,20580,웹소설,힘을 숨겨도 공녀가 제일 강함,설윤영,앨리스,100,2,0,0,0,0,0,2,2,0,0,200,60,0,0,200,60,140
2026.2.4,1419,웹소설,끝정,벚꽃그리고,플로린,100,2,2,0,0,0,0,0,0,0,0,0,0,0,0,0,0,0
2026.2.4,1541,웹소설,만져도 돼?,차가울(미캉),플로린,100,14,2,0,0,0,0,12,12,0,0,1200,360,0,0,1200,360,840
2026.2.4,1580,웹소설,슈가 코팅 (Sugar Coating),박온새미로,플로린,100,3,2,0,0,0,0,1,1,0,0,100,30,0,0,100,30,70
2026.2.4,1592,웹소설,애로 인 오피스,피숙혜,플로린,100,2,2,0,0,0,0,0,0,0,0,0,0,0,0,0,0,0
2026.2.4,1598,웹소설,언모럴,강윤결,플로린,100,1,1,0,0,0,0,0,0,0,0,0,0,0,0,0,0,0
2026.2.4,1632,웹소설,이혼하러 온 주제에,상림(메리J),플로린,100,1,1,0,0,0,0,0,0,0,0,0,0,0,0,0,0,0
2026.2.4,1654,웹소설,파랑이 흐른다 (개정판),별보라,플로린,100,11,3,0,0,0,0,8,8,0,0,800,240,0,0,800,240,560
2026.2.4,2423,웹소설,베드 파트너,이로이,사막여우,100,1,1,0,0,0,0,0,0,0,0,0,0,0,0,0,0,0
2026.2.4,2511,웹소설,내가 M이라니,죄송한취향,시계토끼,100,3,3,0,0,0,0,0,0,0,0,0,0,0,0,0,0,0
2026.2.4,2543,웹소설,어린 짐승,마뇽,시계토끼,200,1,1,0,0,0,0,0,0,0,0,0,0,0,0,0,0,0
2026.2.4,2557,웹소설,천년애사(蛇),김연서,시계토끼,100,3,2,0,0,0,0,1,1,0,0,100,30,0,0,100,30,70
2026.2.4,2588,웹소설,결혼 후 연애 시작,서희수,하트퀸,100,1,1,0,0,0,0,0,0,0,0,0,0,0,0,0,0,0
2026.2.4,2591,웹소설,계약 파트너,DANA(다나),하트퀸,100,1,1,0,0,0,0,0,0,0,0,0,0,0,0,0,0,0
2026.2.4,2596,웹소설,나랑 해요,은예진,하트퀸,100,4,4,0,0,0,0,0,0,0,0,0,0,0,0,0,0,0
2026.2.4,2608,웹소설,내 손으로 도와줄게,라쉬,하트퀸,100,18,2,0,0,0,0,16,16,0,0,1600,480,0,0,1600,480,1120
2026.2.4,2613,웹소설,달이 밝은 밤이면 [19세 개정판],핑크아몬드,하트퀸,100,6,5,0,0,0,0,1,1,0,0,100,30,0,0,100,30,70
2026.2.4,2620,웹소설,맛보게 해줘,무하,하트퀸,100,2,2,0,0,0,0,0,0,0,0,0,0,0,0,0,0,0
2026.2.4,2623,웹소설,먼저 결혼부터,연우,하트퀸,100,2,2,0,0,0,0,0,0,0,0,0,0,0,0,0,0,0
2026.2.4,2643,웹소설,에피소드,유이세스,하트퀸,100,23,23,0,0,0,0,0,0,0,0,0,0,0,0,0,0,0
2026.2.4,3184,웹소설,몰락,최강토끼,사막여우,100,3,3,0,0,0,0,0,0,0,0,0,0,0,0,0,0,0
2026.2.4,3189,웹소설,죽었던 남편이 계략남으로 돌아왔다,하이엘라,사막여우,100,1,0,0,0,0,0,1,1,0,0,100,30,0,0,100,30,70
2026.2.4,4801,웹소설,모노크롬 루머,치율,M블루,100,3,3,0,0,0,0,0,0,0,0,0,0,0,0,0,0,0
2026.2.4,4832,웹소설,제라스의 여관,사이딘,마야마루출판사,100,2,2,0,0,0,0,0,0,0,0,0,0,0,0,0,0,0
2026.2.4,5252,웹소설,씨 서방,점빵,달밤,100,2,2,0,0,0,0,0,0,0,0,0,0,0,0,0,0,0
2026.2.4,6196,웹소설,흔적도 없이,짙은,사막여우,100,14,2,0,0,0,0,12,12,0,0,1200,360,0,0,1200,360,840
2026.2.4,13489,웹소설,이중 이혼 합의서(19세),김민,하트퀸,100,3,3,0,0,0,0,0,0,0,0,0,0,0,0,0,0,0
2026.2.4,16792,웹소설,저주 짝꿍을 찾습니다,무가연,페리윙클,100,3,3,0,0,0,0,0,0,0,0,0,0,0,0,0,0,0
2026.2.4,18997,웹소설,독 안에 든 선생님,그일도,플로린,100,2,2,0,0,0,0,0,0,0,0,0,0,0,0,0,0,0
2026.2.4,19390,웹소설,[BL] 가면극,사유담,희우,100,2,0,0,0,0,0,2,2,0,0,200,60,0,0,200,60,140
2026.2.4,19744,웹소설,너에게 파는 나의 밤 (삽화본),핑캐,해피북스투유,100,2,2,0,0,0,0,0,0,0,0,0,0,0,0,0,0,0
2026.2.4,20580,웹소설,힘을 숨겨도 공녀가 제일 강함,설윤영,앨리스,100,2,0,0,0,0,0,2,2,0,0,200,60,0,0,200,60,140
2026.2.5,1419,웹소설,끝정,벚꽃그리고,플로린,100,16,11,0,0,0,0,5,5,0,0,500,150,0,0,500,150,350
2026.2.5,1439,웹소설,내가 버린 남편,리나리아L,래이니북스,100,10,3,0,0,0,0,7,7,0,0,700,210,0,0,700,210,490
2026.2.5,1541,웹소설,만져도 돼?,차가울(미캉),플로린,100,1,0,0,0,0,0,1,1,0,0,100,30,0,0,100,30,70
2026.2.5,2423,웹소설,베드 파트너,이로이,사막여우,100,4,4,0,0,0,0,0,0,0,0,0,0,0,0,0,0,0
2026.2.5,2511,웹소설,내가 M이라니,죄송한취향,시계토끼,100,19,19,0,0,0,0,0,0,0,0,0,0,0,0,0,0,0
2026.2.5,2513,웹소설,네 마리 포식자들,하얀백지,시계토끼,100,8,8,0,0,0,0,0,0,0,0,0,0,0,0,0,0,0
2026.2.5,2613,웹소설,달이 밝은 밤이면 [19세 개정판],핑크아몬드,하트퀸,100,52,0,0,0,0,0,52,52,0,0,5200,1560,0,0,5200,1560,3640
2026.2.5,2627,웹소설,미친놈에게 물리면,해세,하트퀸,100,4,4,0,0,0,0,0,0,0,0,0,0,0,0,0,0,0
2026.2.5,2633,웹소설,불순한 비서계약 [19세 개정판],삼색냥,하트퀸,100,10,5,0,0,0,0,5,5,0,0,500,150,0,0,500,150,350
2026.2.5,2643,웹소설,에피소드,유이세스,하트퀸,100,65,56,0,0,0,0,9,9,0,0,900,270,0,0,900,270,630
2026.2.5,2646,웹소설,열을 내리는 방법,윤해조,하트퀸,100,10,3,0,0,0,0,7,7,0,0,700,210,0,0,700,210,490
2026.2.5,2665,웹소설,이토록 괴로운 밤들,라쉬,하트퀸,100,11,1,0,0,0,0,10,10,0,0,1000,300,0,0,1000,300,700
2026.2.5,2673,웹소설,짓밟힐수록,라쉬,스토린랩,100,3,3,0,0,0,0,0,0,0,0,0,0,0,0,0,0,0
2026.2.5,3180,웹소설,온전하지 못한 관계,하루가 너무 길다,사막여우,100,38,3,0,0,0,0,35,35,0,0,3500,1050,0,0,3500,1050,2450
2026.2.5,3189,웹소설,죽었던 남편이 계략남으로 돌아왔다,하이엘라,사막여우,100,4,0,0,0,0,0,4,4,0,0,400,120,0,0,400,120,280
2026.2.5,3554,웹소설,후회해도,짙은,사막여우,100,1,1,0,0,0,0,0,0,0,0,0,0,0,0,0,0,0
2026.2.5,4763,웹소설,오토 리버스(Auto Reverse),박허시,M블루,100,32,0,0,0,0,0,32,32,0,0,3200,960,0,0,3200,960,2240
2026.2.5,4801,웹소설,모노크롬 루머,치율,M블루,100,1,1,0,0,0,0,0,0,0,0,0,0,0,0,0,0,0
2026.2.5,6196,웹소설,흔적도 없이,짙은,사막여우,100,13,2,0,0,0,0,11,11,0,0,1100,330,0,0,1100,330,770
2026.2.5,19390,웹소설,[BL] 가면극,사유담,희우,100,2,0,0,0,0,0,2,2,0,0,200,60,0,0,200,60,140
2026.2.5,20580,웹소설,힘을 숨겨도 공녀가 제일 강함,설윤영,앨리스,100,2,0,0,0,0,0,2,2,0,0,200,60,0,0,200,60,140
2026.2.6,1419,웹소설,끝정,벚꽃그리고,플로린,100,3,3,0,0,0,0,0,0,0,0,0,0,0,0,0,0,0
2026.2.6,1439,웹소설,내가 버린 남편,리나리아L,래이니북스,100,84,0,0,0,0,0,84,84,0,0,8400,2520,0,0,8400,2520,5880
2026.2.6,1541,웹소설,만져도 돼?,차가울(미캉),플로린,100,7,1,0,0,0,0,6,6,0,0,600,180,0,0,600,180,420
2026.2.6,2511,웹소설,내가 M이라니,죄송한취향,시계토끼,100,16,16,0,0,0,0,0,0,0,0,0,0,0,0,0,0,0
2026.2.6,2533,웹소설,사제님의 비밀스런 교육(Dark),김연서,시계토끼,100,1,1,0,0,0,0,0,0,0,0,0,0,0,0,0,0,0
2026.2.6,2643,웹소설,에피소드,유이세스,하트퀸,100,25,23,0,0,0,0,2,2,0,0,200,60,0,0,200,60,140
2026.2.6,2673,웹소설,짓밟힐수록,라쉬,스토린랩,100,23,0,0,0,0,0,23,23,0,0,2300,690,0,0,2300,690,1610
2026.2.6,2744,웹소설,클리닉 원장에게 사기당한 것 같습니다,김연산,,100,9,5,0,0,0,0,4,4,0,0,400,120,0,0,400,120,280
2026.2.6,3180,웹소설,온전하지 못한 관계,하루가 너무 길다,사막여우,100,43,0,0,0,0,0,43,43,0,0,4300,1290,0,0,4300,1290,3010
2026.2.6,3181,웹소설,뜨겁게 박히다,느린돌,사막여우,100,2,2,0,0,0,0,0,0,0,0,0,0,0,0,0,0,0
2026.2.6,3189,웹소설,죽었던 남편이 계략남으로 돌아왔다,하이엘라,사막여우,100,2,0,0,0,0,0,2,2,0,0,200,60,0,0,200,60,140
2026.2.6,4763,웹소설,오토 리버스(Auto Reverse),박허시,M블루,100,9,0,0,0,0,0,9,9,0,0,900,270,0,0,900,270,630
2026.2.6,4801,웹소설,모노크롬 루머,치율,M블루,100,1,1,0,0,0,0,0,0,0,0,0,0,0,0,0,0,0
2026.2.6,6196,웹소설,흔적도 없이,짙은,사막여우,100,10,0,0,0,0,0,10,10,0,0,1000,300,0,0,1000,300,700
2026.2.6,6599,웹소설,크고 잘생긴 오빠 친구,채하정,달밤,100,1,1,0,0,0,0,0,0,0,0,0,0,0,0,0,0,0
2026.2.6,12084,웹소설,메디시스가의 오메가,코네꼬,야간비행,100,2,2,0,0,0,0,0,0,0,0,0,0,0,0,0,0,0
2026.2.6,14216,웹소설,못된 오빠,평온한,사막여우,100,1,1,0,0,0,0,0,0,0,0,0,0,0,0,0,0,0
2026.2.6,18997,웹소설,독 안에 든 선생님,그일도,플로린,100,2,2,0,0,0,0,0,0,0,0,0,0,0,0,0,0,0
2026.2.6,19390,웹소설,[BL] 가면극,사유담,희우,100,3,0,0,0,0,0,3,3,0,0,300,90,0,0,300,90,210
2026.2.6,20580,웹소설,힘을 숨겨도 공녀가 제일 강함,설윤영,앨리스,100,2,0,0,0,0,0,2,2,0,0,200,60,0,0,200,60,140
2026.2.7,1419,웹소설,끝정,벚꽃그리고,플로린,100,3,3,0,0,0,0,0,0,0,0,0,0,0,0,0,0,0
2026.2.7,1439,웹소설,내가 버린 남편,리나리아L,래이니북스,100,2,0,0,0,0,0,2,2,0,0,200,60,0,0,200,60,140
2026.2.7,1549,웹소설,물드는 밤,상림(메리J),플로린,100,62,4,0,0,0,0,58,58,0,0,5800,1740,0,0,5800,1740,4060
2026.2.7,2423,웹소설,베드 파트너,이로이,사막여우,100,1,1,0,0,0,0,0,0,0,0,0,0,0,0,0,0,0
2026.2.7,2506,웹소설,"교육입니다, 아가씨",초코요정,시계토끼,100,1,1,0,0,0,0,0,0,0,0,0,0,0,0,0,0,0
2026.2.7,2511,웹소설,내가 M이라니,죄송한취향,시계토끼,100,2,2,0,0,0,0,0,0,0,0,0,0,0,0,0,0,0
2026.2.7,2603,웹소설,나쁜 하룻밤 [19세 개정판],셔틀,하트퀸,100,6,0,0,0,0,0,6,6,0,0,600,180,0,0,600,180,420
2026.2.7,2643,웹소설,에피소드,유이세스,하트퀸,100,18,16,0,0,0,0,2,2,0,0,200,60,0,0,200,60,140
2026.2.7,3006,웹소설,에피소드 [1부-2부],유이세스,하트퀸,4000,1,1,0,0,0,0,0,0,0,0,0,0,0,0,0,0,0
2026.2.7,3189,웹소설,죽었던 남편이 계략남으로 돌아왔다,하이엘라,사막여우,100,1,0,0,0,0,0,1,1,0,0,100,30,0,0,100,30,70
2026.2.7,4732,웹소설,나만 좀 늦게 돌아왔다,호안,마야마루출판사,100,2,2,0,0,0,0,0,0,0,0,0,0,0,0,0,0,0
2026.2.7,6196,웹소설,흔적도 없이,짙은,사막여우,100,6,0,0,0,0,0,6,6,0,0,600,180,0,0,600,180,420
2026.2.7,14216,웹소설,못된 오빠,평온한,사막여우,100,5,3,0,0,0,0,2,2,0,0,200,60,0,0,200,60,140
2026.2.7,19390,웹소설,[BL] 가면극,사유담,희우,100,3,0,0,0,0,0,3,3,0,0,300,90,0,0,300,90,210
2026.2.7,20580,웹소설,힘을 숨겨도 공녀가 제일 강함,설윤영,앨리스,100,1,0,0,0,0,0,1,1,0,0,100,30,0,0,100,30,70
2026.2.8,1419,웹소설,끝정,벚꽃그리고,플로린,100,6,6,0,0,0,0,0,0,0,0,0,0,0,0,0,0,0
2026.2.8,1439,웹소설,내가 버린 남편,리나리아L,래이니북스,100,2,2,0,0,0,0,0,0,0,0,0,0,0,0,0,0,0
2026.2.8,1541,웹소설,만져도 돼?,차가울(미캉),플로린,100,1,1,0,0,0,0,0,0,0,0,0,0,0,0,0,0,0
2026.2.8,1545,웹소설,"먹어봐요, 김대리",오대리,플로린,100,1,1,0,0,0,0,0,0,0,0,0,0,0,0,0,0,0
2026.2.8,1549,웹소설,물드는 밤,상림(메리J),플로린,100,29,0,0,0,0,0,29,29,0,0,2900,870,0,0,2900,870,2030
2026.2.8,1638,웹소설,잠식,피숙혜,플로린,100,1,1,0,0,0,0,0,0,0,0,0,0,0,0,0,0,0
2026.2.8,1656,웹소설,폭설,비설,플로린,100,1,1,0,0,0,0,0,0,0,0,0,0,0,0,0,0,0
2026.2.8,1662,웹소설,합의 관계,은서정,플로린,100,1,1,0,0,0,0,0,0,0,0,0,0,0,0,0,0,0
2026.2.8,2423,웹소설,베드 파트너,이로이,사막여우,100,1,1,0,0,0,0,0,0,0,0,0,0,0,0,0,0,0
2026.2.8,2511,웹소설,내가 M이라니,죄송한취향,시계토끼,100,2,2,0,0,0,0,0,0,0,0,0,0,0,0,0,0,0
2026.2.8,2513,웹소설,네 마리 포식자들,하얀백지,시계토끼,100,1,1,0,0,0,0,0,0,0,0,0,0,0,0,0,0,0
2026.2.8,2534,웹소설,색을 먹는 괴물,리자은,시계토끼,100,3,3,0,0,0,0,0,0,0,0,0,0,0,0,0,0,0
2026.2.8,2600,웹소설,나쁜 전남편 [19금 개정판],모리미,하트퀸,100,2,2,0,0,0,0,0,0,0,0,0,0,0,0,0,0,0
2026.2.8,2607,웹소설,내 비서의 주인 [19세 개정판],김민,하트퀸,100,3,3,0,0,0,0,0,0,0,0,0,0,0,0,0,0,0
2026.2.8,2639,웹소설,삼시색기,달그림 ,하트퀸,100,2,2,0,0,0,0,0,0,0,0,0,0,0,0,0,0,0
2026.2.8,2643,웹소설,에피소드,유이세스,하트퀸,100,33,32,0,0,0,0,1,1,0,0,100,30,0,0,100,30,70
2026.2.8,2663,웹소설,이기적인 결혼,핑크아몬드,하트퀸,100,2,2,0,0,0,0,0,0,0,0,0,0,0,0,0,0,0
2026.2.8,2671,웹소설,좋다고 말해,채하정,하트퀸,100,3,1,0,0,0,0,2,2,0,0,200,60,0,0,200,60,140
2026.2.8,2672,웹소설,짐승의 심연,비향,하트퀸,100,2,2,0,0,0,0,0,0,0,0,0,0,0,0,0,0,0
2026.2.8,2746,웹소설,이혼 후 愛,빨간호박,,100,5,5,0,0,0,0,0,0,0,0,0,0,0,0,0,0,0
2026.2.8,3181,웹소설,뜨겁게 박히다,느린돌,사막여우,100,1,1,0,0,0,0,0,0,0,0,0,0,0,0,0,0,0
2026.2.8,3189,웹소설,죽었던 남편이 계략남으로 돌아왔다,하이엘라,사막여우,100,2,0,0,0,0,0,2,2,0,0,200,60,0,0,200,60,140
2026.2.8,3556,웹소설,이혼은 없어,이로이,사막여우,100,3,3,0,0,0,0,0,0,0,0,0,0,0,0,0,0,0
2026.2.8,3557,웹소설,우아한 개자식,봄그린,사막여우,100,3,3,0,0,0,0,0,0,0,0,0,0,0,0,0,0,0
2026.2.8,4801,웹소설,모노크롬 루머,치율,M블루,100,2,2,0,0,0,0,0,0,0,0,0,0,0,0,0,0,0
2026.2.8,6196,웹소설,흔적도 없이,짙은,사막여우,100,12,0,0,0,0,0,12,12,0,0,1200,360,0,0,1200,360,840
2026.2.8,14216,웹소설,못된 오빠,평온한,사막여우,100,2,0,0,0,0,0,2,2,0,0,200,60,0,0,200,60,140
2026.2.8,19390,웹소설,[BL] 가면극,사유담,희우,100,4,0,0,0,0,0,4,4,0,0,400,120,0,0,400,120,280
2026.2.8,19428,웹소설,악마의 딸은 신의 아들을 사랑한다,으넹나무,페리윙클,100,1,1,0,0,0,0,0,0,0,0,0,0,0,0,0,0,0
2026.2.8,20580,웹소설,힘을 숨겨도 공녀가 제일 강함,설윤영,앨리스,100,1,0,0,0,0,0,1,1,0,0,100,30,0,0,100,30,70
2026.2.9,1419,웹소설,끝정,벚꽃그리고,플로린,100,3,3,0,0,0,0,0,0,0,0,0,0,0,0,0,0,0
2026.2.9,1541,웹소설,만져도 돼?,차가울(미캉),플로린,100,12,3,0,0,0,0,9,9,0,0,900,270,0,0,900,270,630
2026.2.9,2423,웹소설,베드 파트너,이로이,사막여우,100,2,2,0,0,0,0,0,0,0,0,0,0,0,0,0,0,0
2026.2.9,2643,웹소설,에피소드,유이세스,하트퀸,100,58,56,0,0,0,0,2,2,0,0,200,60,0,0,200,60,140
2026.2.9,3181,웹소설,뜨겁게 박히다,느린돌,사막여우,100,2,2,0,0,0,0,0,0,0,0,0,0,0,0,0,0,0
2026.2.9,3189,웹소설,죽었던 남편이 계략남으로 돌아왔다,하이엘라,사막여우,100,1,0,0,0,0,0,1,1,0,0,100,30,0,0,100,30,70
2026.2.9,4801,웹소설,모노크롬 루머,치율,M블루,100,3,3,0,0,0,0,0,0,0,0,0,0,0,0,0,0,0
2026.2.9,14216,웹소설,못된 오빠,평온한,사막여우,100,4,3,0,0,0,0,1,1,0,0,100,30,0,0,100,30,70
2026.2.9,17147,웹소설,칼레이 백작가의 매맞이 하녀,뮤사203,시계토끼,100,14,0,0,0,0,0,14,14,0,0,1400,420,0,0,1400,420,980
2026.2.9,19390,웹소설,[BL] 가면극,사유담,희우,100,3,0,0,0,0,0,3,3,0,0,300,90,0,0,300,90,210
2026.2.9,20580,웹소설,힘을 숨겨도 공녀가 제일 강함,설윤영,앨리스,100,2,0,0,0,0,0,2,2,0,0,200,60,0,0,200,60,140
2026.2.10,1419,웹소설,끝정,벚꽃그리고,플로린,100,3,3,0,0,0,0,0,0,0,0,0,0,0,0,0,0,0
2026.2.10,1545,웹소설,"먹어봐요, 김대리",오대리,플로린,100,1,1,0,0,0,0,0,0,0,0,0,0,0,0,0,0,0
2026.2.10,2228,웹소설,술김에 황후가 되었습니다,거주자,사막여우,100,2,2,0,0,0,0,0,0,0,0,0,0,0,0,0,0,0
2026.2.10,2423,웹소설,베드 파트너,이로이,사막여우,100,5,5,0,0,0,0,0,0,0,0,0,0,0,0,0,0,0
2026.2.10,2511,웹소설,내가 M이라니,죄송한취향,시계토끼,100,32,32,0,0,0,0,0,0,0,0,0,0,0,0,0,0,0
2026.2.10,2643,웹소설,에피소드,유이세스,하트퀸,100,12,12,0,0,0,0,0,0,0,0,0,0,0,0,0,0,0
2026.2.10,2658,웹소설,위험한 오빠 친구,타라,하트퀸,100,1,1,0,0,0,0,0,0,0,0,0,0,0,0,0,0,0
2026.2.10,3181,웹소설,뜨겁게 박히다,느린돌,사막여우,100,6,5,0,0,0,0,1,1,0,0,100,30,0,0,100,30,70
2026.2.10,3189,웹소설,죽었던 남편이 계략남으로 돌아왔다,하이엘라,사막여우,100,4,3,0,0,0,0,1,1,0,0,100,30,0,0,100,30,70
2026.2.10,3554,웹소설,후회해도,짙은,사막여우,100,14,4,0,0,0,0,10,10,0,0,1000,300,0,0,1000,300,700
2026.2.10,3557,웹소설,우아한 개자식,봄그린,사막여우,100,1,1,0,0,0,0,0,0,0,0,0,0,0,0,0,0,0
2026.2.10,4801,웹소설,모노크롬 루머,치율,M블루,100,3,3,0,0,0,0,0,0,0,0,0,0,0,0,0,0,0
2026.2.10,14283,웹소설,잠자는 공주님,은비령,달밤,100,1,1,0,0,0,0,0,0,0,0,0,0,0,0,0,0,0
2026.2.10,17147,웹소설,칼레이 백작가의 매맞이 하녀,뮤사203,시계토끼,100,2,0,0,0,0,0,2,2,0,0,200,60,0,0,200,60,140
2026.2.10,19390,웹소설,[BL] 가면극,사유담,희우,100,3,0,0,0,0,0,3,3,0,0,300,90,0,0,300,90,210
2026.2.10,20580,웹소설,힘을 숨겨도 공녀가 제일 강함,설윤영,앨리스,100,2,0,0,0,0,0,2,2,0,0,200,60,0,0,200,60,140
2026.2.11,1403,웹소설,결혼 약속,오사라,래이니북스,100,1,1,0,0,0,0,0,0,0,0,0,0,0,0,0,0,0
2026.2.11,1405,웹소설,고작 두 번째 결혼,벚꽃그리고,플로린,100,1,1,0,0,0,0,0,0,0,0,0,0,0,0,0,0,0
2026.2.11,1411,웹소설,그 남자의 결혼 파트너,벚꽃그리고,플로린,100,1,1,0,0,0,0,0,0,0,0,0,0,0,0,0,0,0
2026.2.11,1413,웹소설,"그러므로, 사랑",피숙혜,플로린,100,1,1,0,0,0,0,0,0,0,0,0,0,0,0,0,0,0
2026.2.11,1419,웹소설,끝정,벚꽃그리고,플로린,100,1,1,0,0,0,0,0,0,0,0,0,0,0,0,0,0,0
2026.2.11,1426,웹소설,나를 찾는 밤,비설,플로린,100,1,1,0,0,0,0,0,0,0,0,0,0,0,0,0,0,0
2026.2.11,1428,웹소설,나를 품어 줘,차해솔,플로린,100,1,1,0,0,0,0,0,0,0,0,0,0,0,0,0,0,0
2026.2.11,1437,웹소설,내 안의 악마를 위하여,피숙혜,플로린,100,1,1,0,0,0,0,0,0,0,0,0,0,0,0,0,0,0
2026.2.11,1439,웹소설,내가 버린 남편,리나리아L,래이니북스,100,1,1,0,0,0,0,0,0,0,0,0,0,0,0,0,0,0
2026.2.11,1456,웹소설,달콤한 관계,유카,래이니북스,100,1,1,0,0,0,0,0,0,0,0,0,0,0,0,0,0,0
2026.2.11,1535,웹소설,뜨겁게 맞닿은,유카,플로린,100,1,1,0,0,0,0,0,0,0,0,0,0,0,0,0,0,0
2026.2.11,1537,웹소설,마지막 스캔들,안해원,래이니북스,100,1,1,0,0,0,0,0,0,0,0,0,0,0,0,0,0,0
2026.2.11,1545,웹소설,"먹어봐요, 김대리",오대리,플로린,100,1,1,0,0,0,0,0,0,0,0,0,0,0,0,0,0,0
2026.2.11,1547,웹소설,무례한 키스,정희경,플로린,100,1,1,0,0,0,0,0,0,0,0,0,0,0,0,0,0,0
2026.2.11,1549,웹소설,물드는 밤,상림(메리J),플로린,100,1,1,0,0,0,0,0,0,0,0,0,0,0,0,0,0,0
2026.2.11,1551,웹소설,"미친, 소유",유카,플로린,100,1,1,0,0,0,0,0,0,0,0,0,0,0,0,0,0,0
2026.2.11,1553,웹소설,불친절한 부부생활,벚꽃그리고,고트북스,100,1,1,0,0,0,0,0,0,0,0,0,0,0,0,0,0,0
2026.2.11,1555,웹소설,불친절한 취향,이은비,고트북스,100,1,1,0,0,0,0,0,0,0,0,0,0,0,0,0,0,0
2026.2.11,1557,웹소설,붉게 물들인 밤,비설,플로린,100,1,1,0,0,0,0,0,0,0,0,0,0,0,0,0,0,0
2026.2.11,1559,웹소설,비서 집착,유카,플로린,100,3,3,0,0,0,0,0,0,0,0,0,0,0,0,0,0,0
2026.2.11,1563,웹소설,빼앗다,은서정,플로린,100,4,4,0,0,0,0,0,0,0,0,0,0,0,0,0,0,0
2026.2.11,1600,웹소설,여전히 잘 하시네요,벚꽃그리고,고트북스,100,3,3,0,0,0,0,0,0,0,0,0,0,0,0,0,0,0
2026.2.11,1624,웹소설,위험한 온도,유카,래이니북스,100,3,3,0,0,0,0,0,0,0,0,0,0,0,0,0,0,0
2026.2.11,2423,웹소설,베드 파트너,이로이,사막여우,100,4,4,0,0,0,0,0,0,0,0,0,0,0,0,0,0,0
2026.2.11,2511,웹소설,내가 M이라니,죄송한취향,시계토끼,100,2,2,0,0,0,0,0,0,0,0,0,0,0,0,0,0,0
2026.2.11,2515,웹소설,도원향,Magoing,시계토끼,100,3,3,0,0,0,0,0,0,0,0,0,0,0,0,0,0,0
2026.2.11,2533,웹소설,사제님의 비밀스런 교육(Dark),김연서,시계토끼,100,2,2,0,0,0,0,0,0,0,0,0,0,0,0,0,0,0
2026.2.11,2643,웹소설,에피소드,유이세스,하트퀸,100,17,17,0,0,0,0,0,0,0,0,0,0,0,0,0,0,0
2026.2.11,3181,웹소설,뜨겁게 박히다,느린돌,사막여우,100,1,1,0,0,0,0,0,0,0,0,0,0,0,0,0,0,0
2026.2.11,3185,웹소설,제발 멈추지 말아요 ,우아진,사막여우,100,2,2,0,0,0,0,0,0,0,0,0,0,0,0,0,0,0
2026.2.11,3189,웹소설,죽었던 남편이 계략남으로 돌아왔다,하이엘라,사막여우,100,1,0,0,0,0,0,1,1,0,0,100,30,0,0,100,30,70
2026.2.11,3554,웹소설,후회해도,짙은,사막여우,100,2,0,0,0,0,0,2,2,0,0,200,60,0,0,200,60,140
2026.2.11,4801,웹소설,모노크롬 루머,치율,M블루,100,1,1,0,0,0,0,0,0,0,0,0,0,0,0,0,0,0
2026.2.11,4817,웹소설,우리 사이에 아기가,느린돌,사막여우,100,1,1,0,0,0,0,0,0,0,0,0,0,0,0,0,0,0
2026.2.11,14216,웹소설,못된 오빠,평온한,사막여우,100,2,0,0,0,0,0,2,2,0,0,200,60,0,0,200,60,140
2026.2.11,18617,웹소설,오빠가 해줄게,진숙,하트퀸,100,5,5,0,0,0,0,0,0,0,0,0,0,0,0,0,0,0
2026.2.11,19390,웹소설,[BL] 가면극,사유담,희우,100,5,0,0,0,0,0,5,5,0,0,500,150,0,0,500,150,350
2026.2.11,20376,웹소설,마지막 로미오,leda,사막여우,100,3,3,0,0,0,0,0,0,0,0,0,0,0,0,0,0,0
2026.2.11,20580,웹소설,힘을 숨겨도 공녀가 제일 강함,설윤영,앨리스,100,2,0,0,0,0,0,2,2,0,0,200,60,0,0,200,60,140
2026.2.12,1419,웹소설,끝정,벚꽃그리고,플로린,100,3,3,0,0,0,0,0,0,0,0,0,0,0,0,0,0,0
2026.2.12,1456,웹소설,달콤한 관계,유카,래이니북스,100,1,1,0,0,0,0,0,0,0,0,0,0,0,0,0,0,0
2026.2.12,1535,웹소설,뜨겁게 맞닿은,유카,플로린,100,3,3,0,0,0,0,0,0,0,0,0,0,0,0,0,0,0
2026.2.12,1545,웹소설,"먹어봐요, 김대리",오대리,플로린,100,1,1,0,0,0,0,0,0,0,0,0,0,0,0,0,0,0
2026.2.12,1551,웹소설,"미친, 소유",유카,플로린,100,2,2,0,0,0,0,0,0,0,0,0,0,0,0,0,0,0
2026.2.12,1553,웹소설,불친절한 부부생활,벚꽃그리고,고트북스,100,2,2,0,0,0,0,0,0,0,0,0,0,0,0,0,0,0
2026.2.12,1559,웹소설,비서 집착,유카,플로린,100,2,2,0,0,0,0,0,0,0,0,0,0,0,0,0,0,0
2026.2.12,1578,웹소설,순이,천수해,플로린,100,2,2,0,0,0,0,0,0,0,0,0,0,0,0,0,0,0
2026.2.12,1642,웹소설,전남편의 집착에서 벗어나기 위하여,박백구,리본,100,2,2,0,0,0,0,0,0,0,0,0,0,0,0,0,0,0
2026.2.12,2390,웹소설,악녀의 맞선남이 너무 완벽하다,채주아,피오렛,100,1,1,0,0,0,0,0,0,0,0,0,0,0,0,0,0,0
2026.2.12,2511,웹소설,내가 M이라니,죄송한취향,시계토끼,100,8,2,0,0,0,0,6,6,0,0,600,180,0,0,600,180,420
2026.2.12,2528,웹소설,별당 아씨 스캔들 [19세 개정판],은선수아,시계토끼,100,1,1,0,0,0,0,0,0,0,0,0,0,0,0,0,0,0
2026.2.12,2633,웹소설,불순한 비서계약 [19세 개정판],삼색냥,하트퀸,100,1,0,0,0,0,0,1,1,0,0,100,30,0,0,100,30,70
2026.2.12,2643,웹소설,에피소드,유이세스,하트퀸,100,5,4,0,0,0,0,1,1,0,0,100,30,0,0,100,30,70
2026.2.12,2655,웹소설,욕망의 노예계약,황금병아리,하트퀸,100,1,1,0,0,0,0,0,0,0,0,0,0,0,0,0,0,0
2026.2.12,3181,웹소설,뜨겁게 박히다,느린돌,사막여우,100,3,3,0,0,0,0,0,0,0,0,0,0,0,0,0,0,0
2026.2.12,3189,웹소설,죽었던 남편이 계략남으로 돌아왔다,하이엘라,사막여우,100,3,0,0,0,0,0,3,3,0,0,300,90,0,0,300,90,210
2026.2.12,3777,웹소설,러브풀(LOVEFOOL),페일핑크,말레피카,100,1,1,0,0,0,0,0,0,0,0,0,0,0,0,0,0,0
2026.2.12,4749,웹소설,블러디 시크릿,아일리파로,사막여우,100,1,1,0,0,0,0,0,0,0,0,0,0,0,0,0,0,0
2026.2.12,4801,웹소설,모노크롬 루머,치율,M블루,100,4,4,0,0,0,0,0,0,0,0,0,0,0,0,0,0,0
2026.2.12,5251,웹소설,우리 두 사람,페일핑크,달밤,100,1,1,0,0,0,0,0,0,0,0,0,0,0,0,0,0,0
2026.2.12,16792,웹소설,저주 짝꿍을 찾습니다,무가연,페리윙클,100,3,2,0,0,0,0,1,1,0,0,100,30,0,0,100,30,70
2026.2.12,19385,웹소설,첫사랑과 파혼 예정,라포,해피북스투유,100,1,1,0,0,0,0,0,0,0,0,0,0,0,0,0,0,0
2026.2.12,19390,웹소설,[BL] 가면극,사유담,희우,100,3,0,0,0,0,0,3,3,0,0,300,90,0,0,300,90,210
2026.2.12,20412,웹소설,침대 위의 대표님,왕기대,,100,2,2,0,0,0,0,0,0,0,0,0,0,0,0,0,0,0
2026.2.12,20580,웹소설,힘을 숨겨도 공녀가 제일 강함,설윤영,앨리스,100,2,0,0,0,0,0,2,2,0,0,200,60,0,0,200,60,140
2026.2.13,1419,웹소설,끝정,벚꽃그리고,플로린,100,1,1,0,0,0,0,0,0,0,0,0,0,0,0,0,0,0
2026.2.13,1439,웹소설,내가 버린 남편,리나리아L,래이니북스,100,1,1,0,0,0,0,0,0,0,0,0,0,0,0,0,0,0
2026.2.13,1535,웹소설,뜨겁게 맞닿은,유카,플로린,100,1,1,0,0,0,0,0,0,0,0,0,0,0,0,0,0,0
2026.2.13,1537,웹소설,마지막 스캔들,안해원,래이니북스,100,3,3,0,0,0,0,0,0,0,0,0,0,0,0,0,0,0
2026.2.13,1541,웹소설,만져도 돼?,차가울(미캉),플로린,100,3,2,0,0,0,0,1,1,0,0,100,30,0,0,100,30,70
2026.2.13,1545,웹소설,"먹어봐요, 김대리",오대리,플로린,100,1,1,0,0,0,0,0,0,0,0,0,0,0,0,0,0,0
2026.2.13,1547,웹소설,무례한 키스,정희경,플로린,100,2,2,0,0,0,0,0,0,0,0,0,0,0,0,0,0,0
2026.2.13,1555,웹소설,불친절한 취향,이은비,고트북스,100,2,2,0,0,0,0,0,0,0,0,0,0,0,0,0,0,0
2026.2.13,1559,웹소설,비서 집착,유카,플로린,100,1,1,0,0,0,0,0,0,0,0,0,0,0,0,0,0,0
2026.2.13,2417,웹소설,우리 악녀님이 달라졌어요,양과람,피오렛,100,1,0,0,0,1,0,0,0,0,0,0,0,0,0,0,0,0
2026.2.13,2423,웹소설,베드 파트너,이로이,사막여우,100,3,3,0,0,0,0,0,0,0,0,0,0,0,0,0,0,0
2026.2.13,2511,웹소설,내가 M이라니,죄송한취향,시계토끼,100,6,6,0,0,0,0,0,0,0,0,0,0,0,0,0,0,0
2026.2.13,2562,웹소설,타락 찬미,하얀백지,시계토끼,100,1,1,0,0,0,0,0,0,0,0,0,0,0,0,0,0,0
2026.2.13,2563,웹소설,탕녀와 사생아,TemaFB,시계토끼,100,1,1,0,0,0,0,0,0,0,0,0,0,0,0,0,0,0
2026.2.13,2610,웹소설,너의 바람이 되어,윤해조,하트퀸,100,1,1,0,0,0,0,0,0,0,0,0,0,0,0,0,0,0
2026.2.13,2611,웹소설,다섯 번째 친구,봉빙,하트퀸,100,4,4,0,0,0,0,0,0,0,0,0,0,0,0,0,0,0
2026.2.13,2616,웹소설,동거는 미친 짓이다,강태형,하트퀸,100,2,2,0,0,0,0,0,0,0,0,0,0,0,0,0,0,0
2026.2.13,2621,웹소설,맞선남 가로채기,김켈리,하트퀸,100,1,1,0,0,0,0,0,0,0,0,0,0,0,0,0,0,0
2026.2.13,2630,웹소설,부적절한 재회,신경희,하트퀸,100,2,2,0,0,0,0,0,0,0,0,0,0,0,0,0,0,0
2026.2.13,2639,웹소설,삼시색기,달그림 ,하트퀸,100,2,0,0,0,0,0,2,2,0,0,200,60,0,0,200,60,140
2026.2.13,2643,웹소설,에피소드,유이세스,하트퀸,100,9,9,0,0,0,0,0,0,0,0,0,0,0,0,0,0,0
2026.2.13,2658,웹소설,위험한 오빠 친구,타라,하트퀸,100,3,0,0,0,0,0,3,3,0,0,300,90,0,0,300,90,210
2026.2.13,2674,웹소설,첫사랑의 사이즈,강곰곰,하트퀸,100,2,2,0,0,0,0,0,0,0,0,0,0,0,0,0,0,0
2026.2.13,2744,웹소설,클리닉 원장에게 사기당한 것 같습니다,김연산,,100,2,0,0,0,0,0,2,2,0,0,200,60,0,0,200,60,140
2026.2.13,3181,웹소설,뜨겁게 박히다,느린돌,사막여우,100,2,2,0,0,0,0,0,0,0,0,0,0,0,0,0,0,0
2026.2.13,3189,웹소설,죽었던 남편이 계략남으로 돌아왔다,하이엘라,사막여우,100,4,0,0,0,0,0,4,4,0,0,400,120,0,0,400,120,280
2026.2.13,4801,웹소설,모노크롬 루머,치율,M블루,100,4,4,0,0,0,0,0,0,0,0,0,0,0,0,0,0,0
2026.2.13,4820,웹소설,검성의 게임,AKARU,마야마루출판사,100,2,2,0,0,0,0,0,0,0,0,0,0,0,0,0,0,0
2026.2.13,4832,웹소설,제라스의 여관,사이딘,마야마루출판사,100,2,2,0,0,0,0,0,0,0,0,0,0,0,0,0,0,0
2026.2.13,6196,웹소설,흔적도 없이,짙은,사막여우,100,8,0,0,0,0,0,8,8,0,0,800,240,0,0,800,240,560
2026.2.13,16792,웹소설,저주 짝꿍을 찾습니다,무가연,페리윙클,100,8,8,0,0,0,0,0,0,0,0,0,0,0,0,0,0,0
2026.2.13,17147,웹소설,칼레이 백작가의 매맞이 하녀,뮤사203,시계토끼,100,1,0,0,0,0,0,1,1,0,0,100,30,0,0,100,30,70
2026.2.13,18985,웹소설,"[BL] 교수님, 나빠요!",이니희,M블루,100,2,2,0,0,0,0,0,0,0,0,0,0,0,0,0,0,0
2026.2.13,19390,웹소설,[BL] 가면극,사유담,희우,100,2,0,0,0,0,0,2,2,0,0,200,60,0,0,200,60,140
2026.2.13,19744,웹소설,너에게 파는 나의 밤 (삽화본),핑캐,해피북스투유,100,4,4,0,0,0,0,0,0,0,0,0,0,0,0,0,0,0
2026.2.13,20361,웹소설,아저씨,강태형,하트퀸,100,1,1,0,0,0,0,0,0,0,0,0,0,0,0,0,0,0
2026.2.13,20412,웹소설,침대 위의 대표님,왕기대,,100,2,2,0,0,0,0,0,0,0,0,0,0,0,0,0,0,0
2026.2.13,20489,웹소설,독을 품은 꽃,원소희,동행,100,1,1,0,0,0,0,0,0,0,0,0,0,0,0,0,0,0
2026.2.13,20580,웹소설,힘을 숨겨도 공녀가 제일 강함,설윤영,앨리스,100,2,0,0,0,0,0,2,2,0,0,200,60,0,0,200,60,140
2026.2.14,1397,웹소설,7일의 사정,Yulia,래이니북스,100,4,1,0,0,0,0,3,3,0,0,300,90,0,0,300,90,210
2026.2.14,1419,웹소설,끝정,벚꽃그리고,플로린,100,4,4,0,0,0,0,0,0,0,0,0,0,0,0,0,0,0
2026.2.14,1428,웹소설,나를 품어 줘,차해솔,플로린,100,3,3,0,0,0,0,0,0,0,0,0,0,0,0,0,0,0
2026.2.14,1437,웹소설,내 안의 악마를 위하여,피숙혜,플로린,100,1,1,0,0,0,0,0,0,0,0,0,0,0,0,0,0,0
2026.2.14,1549,웹소설,물드는 밤,상림(메리J),플로린,100,1,1,0,0,0,0,0,0,0,0,0,0,0,0,0,0,0
2026.2.14,2423,웹소설,베드 파트너,이로이,사막여우,100,3,3,0,0,0,0,0,0,0,0,0,0,0,0,0,0,0
2026.2.14,2511,웹소설,내가 M이라니,죄송한취향,시계토끼,100,2,2,0,0,0,0,0,0,0,0,0,0,0,0,0,0,0
2026.2.14,2600,웹소설,나쁜 전남편 [19금 개정판],모리미,하트퀸,100,2,2,0,0,0,0,0,0,0,0,0,0,0,0,0,0,0
2026.2.14,2625,웹소설,문제적 신음 소리,엘루비오,하트퀸,100,1,1,0,0,0,0,0,0,0,0,0,0,0,0,0,0,0
2026.2.14,2630,웹소설,부적절한 재회,신경희,하트퀸,100,1,1,0,0,0,0,0,0,0,0,0,0,0,0,0,0,0
2026.2.14,2633,웹소설,불순한 비서계약 [19세 개정판],삼색냥,하트퀸,100,1,0,0,0,0,0,1,1,0,0,100,30,0,0,100,30,70
2026.2.14,2639,웹소설,삼시색기,달그림 ,하트퀸,100,2,0,0,0,0,0,2,2,0,0,200,60,0,0,200,60,140
2026.2.14,2643,웹소설,에피소드,유이세스,하트퀸,100,7,6,0,0,0,0,1,1,0,0,100,30,0,0,100,30,70
2026.2.14,2693,웹소설,사제님의 비밀스런 교육(Dark),김연서,시계토끼,2800,1,0,0,0,0,0,1,1,0,0,2800,840,0,0,2800,840,1960
2026.2.14,3181,웹소설,뜨겁게 박히다,느린돌,사막여우,100,3,3,0,0,0,0,0,0,0,0,0,0,0,0,0,0,0
2026.2.14,3184,웹소설,몰락,최강토끼,사막여우,100,4,2,0,0,0,0,2,2,0,0,200,60,0,0,200,60,140
2026.2.14,3189,웹소설,죽었던 남편이 계략남으로 돌아왔다,하이엘라,사막여우,100,4,0,0,0,0,0,4,4,0,0,400,120,0,0,400,120,280
2026.2.14,3554,웹소설,후회해도,짙은,사막여우,100,2,0,0,0,0,0,2,2,0,0,200,60,0,0,200,60,140
2026.2.14,3555,웹소설,남편과 파트너 사이,느린돌,사막여우,100,2,2,0,0,0,0,0,0,0,0,0,0,0,0,0,0,0
2026.2.14,4801,웹소설,모노크롬 루머,치율,M블루,100,2,1,0,0,0,0,1,1,0,0,100,30,0,0,100,30,70
2026.2.14,5252,웹소설,씨 서방,점빵,달밤,100,3,3,0,0,0,0,0,0,0,0,0,0,0,0,0,0,0
2026.2.14,16792,웹소설,저주 짝꿍을 찾습니다,무가연,페리윙클,100,7,5,0,0,0,0,2,2,0,0,200,60,0,0,200,60,140
2026.2.14,18997,웹소설,독 안에 든 선생님,그일도,플로린,100,1,1,0,0,0,0,0,0,0,0,0,0,0,0,0,0,0
2026.2.14,19390,웹소설,[BL] 가면극,사유담,희우,100,2,0,0,0,0,0,2,2,0,0,200,60,0,0,200,60,140
2026.2.14,20361,웹소설,아저씨,강태형,하트퀸,100,19,0,0,0,0,0,19,19,0,0,1900,570,0,0,1900,570,1330
2026.2.14,20580,웹소설,힘을 숨겨도 공녀가 제일 강함,설윤영,앨리스,100,2,0,0,0,0,0,2,2,0,0,200,60,0,0,200,60,140
2026.2.15,1397,웹소설,7일의 사정,Yulia,래이니북스,100,28,1,0,0,0,0,27,27,0,0,2700,810,0,0,2700,810,1890
2026.2.15,1419,웹소설,끝정,벚꽃그리고,플로린,100,5,5,0,0,0,0,0,0,0,0,0,0,0,0,0,0,0
2026.2.15,1437,웹소설,내 안의 악마를 위하여,피숙혜,플로린,100,7,7,0,0,0,0,0,0,0,0,0,0,0,0,0,0,0
2026.2.15,1545,웹소설,"먹어봐요, 김대리",오대리,플로린,100,2,2,0,0,0,0,0,0,0,0,0,0,0,0,0,0,0
2026.2.15,1614,웹소설,우연 다방,상림(메리J),플로린,100,24,2,0,0,0,0,22,22,0,0,2200,660,0,0,2200,660,1540
2026.2.15,2423,웹소설,베드 파트너,이로이,사막여우,100,10,4,0,0,0,0,6,6,0,0,600,180,0,0,600,180,420
2026.2.15,2511,웹소설,내가 M이라니,죄송한취향,시계토끼,100,3,3,0,0,0,0,0,0,0,0,0,0,0,0,0,0,0
2026.2.15,2622,웹소설,매끈한 친구 오빠,라쉬,하트퀸,100,17,3,0,0,0,0,14,14,0,0,1400,420,0,0,1400,420,980
2026.2.15,2633,웹소설,불순한 비서계약 [19세 개정판],삼색냥,하트퀸,100,2,0,0,0,0,0,2,2,0,0,200,60,0,0,200,60,140
2026.2.15,2639,웹소설,삼시색기,달그림 ,하트퀸,100,3,0,0,0,0,0,3,3,0,0,300,90,0,0,300,90,210
2026.2.15,2643,웹소설,에피소드,유이세스,하트퀸,100,6,6,0,0,0,0,0,0,0,0,0,0,0,0,0,0,0
2026.2.15,3180,웹소설,온전하지 못한 관계,하루가 너무 길다,사막여우,100,2,2,0,0,0,0,0,0,0,0,0,0,0,0,0,0,0
2026.2.15,3181,웹소설,뜨겁게 박히다,느린돌,사막여우,100,4,3,0,0,1,0,0,0,0,0,0,0,0,0,0,0,0
2026.2.15,3189,웹소설,죽었던 남편이 계략남으로 돌아왔다,하이엘라,사막여우,100,11,0,0,0,0,0,11,11,0,0,1100,330,0,0,1100,330,770
2026.2.15,3555,웹소설,남편과 파트너 사이,느린돌,사막여우,100,3,3,0,0,0,0,0,0,0,0,0,0,0,0,0,0,0
2026.2.15,4801,웹소설,모노크롬 루머,치율,M블루,100,3,3,0,0,0,0,0,0,0,0,0,0,0,0,0,0,0
2026.2.15,4994,웹소설,흰 리본 맨 허벅지에 벌을 주소서,묘묘희,달밤,100,2,2,0,0,0,0,0,0,0,0,0,0,0,0,0,0,0
2026.2.15,16792,웹소설,저주 짝꿍을 찾습니다,무가연,페리윙클,100,1,0,0,0,0,0,1,1,0,0,100,30,0,0,100,30,70
2026.2.15,20361,웹소설,아저씨,강태형,하트퀸,100,11,0,0,0,0,0,11,11,0,0,1100,330,0,0,1100,330,770
2026.2.15,20437,웹소설,황녀의 남편은 셋,필밤,시계토끼,100,1,1,0,0,0,0,0,0,0,0,0,0,0,0,0,0,0
2026.2.15,20580,웹소설,힘을 숨겨도 공녀가 제일 강함,설윤영,앨리스,100,2,0,0,0,0,0,2,2,0,0,200,60,0,0,200,60,140
2026.2.16,1419,웹소설,끝정,벚꽃그리고,플로린,100,3,3,0,0,0,0,0,0,0,0,0,0,0,0,0,0,0
2026.2.16,1437,웹소설,내 안의 악마를 위하여,피숙혜,플로린,100,1,1,0,0,0,0,0,0,0,0,0,0,0,0,0,0,0
2026.2.16,1541,웹소설,만져도 돼?,차가울(미캉),플로린,100,1,0,0,0,0,0,1,1,0,0,100,30,0,0,100,30,70
2026.2.16,1545,웹소설,"먹어봐요, 김대리",오대리,플로린,100,1,1,0,0,0,0,0,0,0,0,0,0,0,0,0,0,0
2026.2.16,1549,웹소설,물드는 밤,상림(메리J),플로린,100,2,2,0,0,0,0,0,0,0,0,0,0,0,0,0,0,0
2026.2.16,1569,웹소설,상사와 그런 사이,레이먼,래이니북스,100,2,2,0,0,0,0,0,0,0,0,0,0,0,0,0,0,0
2026.2.16,2511,웹소설,내가 M이라니,죄송한취향,시계토끼,100,2,2,0,0,0,0,0,0,0,0,0,0,0,0,0,0,0
2026.2.16,2513,웹소설,네 마리 포식자들,하얀백지,시계토끼,100,3,3,0,0,0,0,0,0,0,0,0,0,0,0,0,0,0
2026.2.16,2622,웹소설,매끈한 친구 오빠,라쉬,하트퀸,100,22,3,0,0,0,0,19,19,0,0,1900,570,0,0,1900,570,1330
2026.2.16,2639,웹소설,삼시색기,달그림 ,하트퀸,100,2,0,0,0,0,0,2,2,0,0,200,60,0,0,200,60,140
2026.2.16,2643,웹소설,에피소드,유이세스,하트퀸,100,20,20,0,0,0,0,0,0,0,0,0,0,0,0,0,0,0
2026.2.16,3181,웹소설,뜨겁게 박히다,느린돌,사막여우,100,4,4,0,0,0,0,0,0,0,0,0,0,0,0,0,0,0
2026.2.16,3185,웹소설,제발 멈추지 말아요 ,우아진,사막여우,100,3,3,0,0,0,0,0,0,0,0,0,0,0,0,0,0,0
2026.2.16,3189,웹소설,죽었던 남편이 계략남으로 돌아왔다,하이엘라,사막여우,100,13,0,0,0,0,0,13,13,0,0,1300,390,0,0,1300,390,910
2026.2.16,4732,웹소설,나만 좀 늦게 돌아왔다,호안,마야마루출판사,100,2,2,0,0,0,0,0,0,0,0,0,0,0,0,0,0,0
2026.2.16,4801,웹소설,모노크롬 루머,치율,M블루,100,1,1,0,0,0,0,0,0,0,0,0,0,0,0,0,0,0
2026.2.16,12084,웹소설,메디시스가의 오메가,코네꼬,야간비행,100,1,1,0,0,0,0,0,0,0,0,0,0,0,0,0,0,0
2026.2.16,19390,웹소설,[BL] 가면극,사유담,희우,100,1,0,0,0,0,0,1,1,0,0,100,30,0,0,100,30,70
2026.2.16,20361,웹소설,아저씨,강태형,하트퀸,100,14,0,0,0,0,0,14,14,0,0,1400,420,0,0,1400,420,980
2026.2.16,20580,웹소설,힘을 숨겨도 공녀가 제일 강함,설윤영,앨리스,100,2,0,0,0,0,0,2,2,0,0,200,60,0,0,200,60,140
2026.2.17,1413,웹소설,"그러므로, 사랑",피숙혜,플로린,100,1,1,0,0,0,0,0,0,0,0,0,0,0,0,0,0,0
2026.2.17,1419,웹소설,끝정,벚꽃그리고,플로린,100,5,5,0,0,0,0,0,0,0,0,0,0,0,0,0,0,0
2026.2.17,1541,웹소설,만져도 돼?,차가울(미캉),플로린,100,1,1,0,0,0,0,0,0,0,0,0,0,0,0,0,0,0
2026.2.17,1545,웹소설,"먹어봐요, 김대리",오대리,플로린,100,13,2,0,0,0,0,11,11,0,0,1100,330,0,0,1100,330,770
2026.2.17,1569,웹소설,상사와 그런 사이,레이먼,래이니북스,100,2,2,0,0,0,0,0,0,0,0,0,0,0,0,0,0,0
2026.2.17,1575,웹소설,선셋 글로우,별보라,플로린,100,3,3,0,0,0,0,0,0,0,0,0,0,0,0,0,0,0
2026.2.17,2425,웹소설,폐하의 새장,라다,피오렛,100,1,1,0,0,0,0,0,0,0,0,0,0,0,0,0,0,0
2026.2.17,2506,웹소설,"교육입니다, 아가씨",초코요정,시계토끼,100,4,4,0,0,0,0,0,0,0,0,0,0,0,0,0,0,0
2026.2.17,2511,웹소설,내가 M이라니,죄송한취향,시계토끼,100,2,2,0,0,0,0,0,0,0,0,0,0,0,0,0,0,0
2026.2.17,2512,웹소설,너를 노예로 삼은 것을 후회한다,뮤사203,시계토끼,100,1,1,0,0,0,0,0,0,0,0,0,0,0,0,0,0,0
2026.2.17,2513,웹소설,네 마리 포식자들,하얀백지,시계토끼,100,3,0,0,0,0,0,3,3,0,0,300,90,0,0,300,90,210
2026.2.17,2533,웹소설,사제님의 비밀스런 교육(Dark),김연서,시계토끼,100,3,3,0,0,0,0,0,0,0,0,0,0,0,0,0,0,0
2026.2.17,2639,웹소설,삼시색기,달그림 ,하트퀸,100,13,0,0,0,0,0,13,13,0,0,1300,390,0,0,1300,390,910
2026.2.17,2643,웹소설,에피소드,유이세스,하트퀸,100,13,13,0,0,0,0,0,0,0,0,0,0,0,0,0,0,0
2026.2.17,2665,웹소설,이토록 괴로운 밤들,라쉬,하트퀸,100,1,1,0,0,0,0,0,0,0,0,0,0,0,0,0,0,0
2026.2.17,3080,웹소설,밝히면서 하는 연애,김꽃게,하트퀸,3500,1,0,0,0,0,0,1,1,0,0,3500,1050,0,0,3500,1050,2450
2026.2.17,3180,웹소설,온전하지 못한 관계,하루가 너무 길다,사막여우,100,2,2,0,0,0,0,0,0,0,0,0,0,0,0,0,0,0
2026.2.17,3181,웹소설,뜨겁게 박히다,느린돌,사막여우,100,2,2,0,0,0,0,0,0,0,0,0,0,0,0,0,0,0
2026.2.17,3185,웹소설,제발 멈추지 말아요 ,우아진,사막여우,100,1,1,0,0,0,0,0,0,0,0,0,0,0,0,0,0,0
2026.2.17,3189,웹소설,죽었던 남편이 계략남으로 돌아왔다,하이엘라,사막여우,100,21,0,0,0,0,0,21,21,0,0,2100,630,0,0,2100,630,1470
2026.2.17,3555,웹소설,남편과 파트너 사이,느린돌,사막여우,100,1,1,0,0,0,0,0,0,0,0,0,0,0,0,0,0,0
2026.2.17,4736,웹소설,동생이 영웅이라 꿀 빱니다,로보,M블루,100,84,3,0,0,0,0,81,81,0,0,8100,2430,0,0,8100,2430,5670
2026.2.17,4801,웹소설,모노크롬 루머,치율,M블루,100,3,3,0,0,0,0,0,0,0,0,0,0,0,0,0,0,0
2026.2.17,14283,웹소설,잠자는 공주님,은비령,달밤,100,3,3,0,0,0,0,0,0,0,0,0,0,0,0,0,0,0
2026.2.17,19390,웹소설,[BL] 가면극,사유담,희우,100,2,0,0,0,0,0,2,2,0,0,200,60,0,0,200,60,140
2026.2.17,19744,웹소설,너에게 파는 나의 밤 (삽화본),핑캐,해피북스투유,100,35,0,0,0,0,0,35,35,0,0,3500,1050,0,0,3500,1050,2450
2026.2.17,20361,웹소설,아저씨,강태형,하트퀸,100,12,0,0,0,0,0,12,12,0,0,1200,360,0,0,1200,360,840
2026.2.17,20580,웹소설,힘을 숨겨도 공녀가 제일 강함,설윤영,앨리스,100,2,0,0,0,0,0,2,2,0,0,200,60,0,0,200,60,140
2026.2.18,1419,웹소설,끝정,벚꽃그리고,플로린,100,9,9,0,0,0,0,0,0,0,0,0,0,0,0,0,0,0
2026.2.18,1545,웹소설,"먹어봐요, 김대리",오대리,플로린,100,8,4,0,0,0,0,4,4,0,0,400,120,0,0,400,120,280
2026.2.18,1569,웹소설,상사와 그런 사이,레이먼,래이니북스,100,1,1,0,0,0,0,0,0,0,0,0,0,0,0,0,0,0
2026.2.18,1614,웹소설,우연 다방,상림(메리J),플로린,100,10,0,0,0,0,0,10,10,0,0,1000,300,0,0,1000,300,700
2026.2.18,2423,웹소설,베드 파트너,이로이,사막여우,100,10,10,0,0,0,0,0,0,0,0,0,0,0,0,0,0,0
2026.2.18,2511,웹소설,내가 M이라니,죄송한취향,시계토끼,100,3,3,0,0,0,0,0,0,0,0,0,0,0,0,0,0,0
2026.2.18,2595,웹소설,하룻밤도 변호가 되나요?,몽시,,100,1,1,0,0,0,0,0,0,0,0,0,0,0,0,0,0,0
2026.2.18,2639,웹소설,삼시색기,달그림 ,하트퀸,100,1,0,0,0,0,0,1,1,0,0,100,30,0,0,100,30,70
2026.2.18,2643,웹소설,에피소드,유이세스,하트퀸,100,6,6,0,0,0,0,0,0,0,0,0,0,0,0,0,0,0
2026.2.18,2655,웹소설,욕망의 노예계약,황금병아리,하트퀸,100,1,1,0,0,0,0,0,0,0,0,0,0,0,0,0,0,0
2026.2.18,2665,웹소설,이토록 괴로운 밤들,라쉬,하트퀸,100,19,0,0,0,0,0,19,19,0,0,1900,570,0,0,1900,570,1330
2026.2.18,3181,웹소설,뜨겁게 박히다,느린돌,사막여우,100,6,6,0,0,0,0,0,0,0,0,0,0,0,0,0,0,0
2026.2.18,3185,웹소설,제발 멈추지 말아요 ,우아진,사막여우,100,1,1,0,0,0,0,0,0,0,0,0,0,0,0,0,0,0
2026.2.18,3189,웹소설,죽었던 남편이 계략남으로 돌아왔다,하이엘라,사막여우,100,3,0,0,0,0,0,3,3,0,0,300,90,0,0,300,90,210
2026.2.18,4801,웹소설,모노크롬 루머,치율,M블루,100,4,4,0,0,0,0,0,0,0,0,0,0,0,0,0,0,0
2026.2.18,16792,웹소설,저주 짝꿍을 찾습니다,무가연,페리윙클,100,5,0,0,0,0,0,5,5,0,0,500,150,0,0,500,150,350
2026.2.18,18996,웹소설,첫 마음,송민선,플로린,100,1,1,0,0,0,0,0,0,0,0,0,0,0,0,0,0,0
2026.2.18,19390,웹소설,[BL] 가면극,사유담,희우,100,2,0,0,0,0,0,2,2,0,0,200,60,0,0,200,60,140
2026.2.18,19744,웹소설,너에게 파는 나의 밤 (삽화본),핑캐,해피북스투유,100,10,0,0,0,0,0,10,10,0,0,1000,300,0,0,1000,300,700
2026.2.18,20412,웹소설,침대 위의 대표님,왕기대,,100,3,3,0,0,0,0,0,0,0,0,0,0,0,0,0,0,0
2026.2.18,20580,웹소설,힘을 숨겨도 공녀가 제일 강함,설윤영,앨리스,100,2,0,0,0,0,0,2,2,0,0,200,60,0,0,200,60,140
2026.2.19,1397,웹소설,7일의 사정,Yulia,래이니북스,100,4,4,0,0,0,0,0,0,0,0,0,0,0,0,0,0,0
2026.2.19,1413,웹소설,"그러므로, 사랑",피숙혜,플로린,100,1,1,0,0,0,0,0,0,0,0,0,0,0,0,0,0,0
2026.2.19,1419,웹소설,끝정,벚꽃그리고,플로린,100,2,2,0,0,0,0,0,0,0,0,0,0,0,0,0,0,0
2026.2.19,1541,웹소설,만져도 돼?,차가울(미캉),플로린,100,5,4,0,0,0,0,1,1,0,0,100,30,0,0,100,30,70
2026.2.19,1569,웹소설,상사와 그런 사이,레이먼,래이니북스,100,1,1,0,0,0,0,0,0,0,0,0,0,0,0,0,0,0
2026.2.19,1676,웹소설,흑막 도련님이 엉덩이 맴매에 집착한다,홍당근,리본,100,2,2,0,0,0,0,0,0,0,0,0,0,0,0,0,0,0
2026.2.19,2423,웹소설,베드 파트너,이로이,사막여우,100,7,5,0,0,0,0,2,2,0,0,200,60,0,0,200,60,140
2026.2.19,2513,웹소설,네 마리 포식자들,하얀백지,시계토끼,100,111,0,0,0,0,0,111,111,0,0,11100,3330,0,0,11100,3330,7770
2026.2.19,2639,웹소설,삼시색기,달그림 ,하트퀸,100,2,0,0,0,0,0,2,2,0,0,200,60,0,0,200,60,140
2026.2.19,2643,웹소설,에피소드,유이세스,하트퀸,100,13,13,0,0,0,0,0,0,0,0,0,0,0,0,0,0,0
2026.2.19,2655,웹소설,욕망의 노예계약,황금병아리,하트퀸,100,3,3,0,0,0,0,0,0,0,0,0,0,0,0,0,0,0
2026.2.19,3181,웹소설,뜨겁게 박히다,느린돌,사막여우,100,1,1,0,0,0,0,0,0,0,0,0,0,0,0,0,0,0
2026.2.19,3184,웹소설,몰락,최강토끼,사막여우,100,2,2,0,0,0,0,0,0,0,0,0,0,0,0,0,0,0
2026.2.19,3189,웹소설,죽었던 남편이 계략남으로 돌아왔다,하이엘라,사막여우,100,21,0,0,0,0,0,21,21,0,0,2100,630,0,0,2100,630,1470
2026.2.19,4801,웹소설,모노크롬 루머,치율,M블루,100,2,2,0,0,0,0,0,0,0,0,0,0,0,0,0,0,0
2026.2.19,4832,웹소설,제라스의 여관,사이딘,마야마루출판사,100,2,2,0,0,0,0,0,0,0,0,0,0,0,0,0,0,0
2026.2.19,5003,웹소설,취중음담,마뇽,달밤,100,4,4,0,0,0,0,0,0,0,0,0,0,0,0,0,0,0
2026.2.19,5005,웹소설,흔해빠진 사이,마뇽,달밤,100,5,4,0,0,0,0,1,1,0,0,100,30,0,0,100,30,70
2026.2.19,6599,웹소설,크고 잘생긴 오빠 친구,채하정,달밤,100,3,1,0,0,0,0,2,2,0,0,200,60,0,0,200,60,140
2026.2.19,13903,웹소설,늦장마,혜율,하트퀸,3200,1,0,0,0,0,0,1,1,0,0,3200,960,0,0,3200,960,2240
2026.2.19,16506,웹소설,집착 남주의 유일한 안정제가 되었습니다,백일홍,해피북스투유,100,1,1,0,0,0,0,0,0,0,0,0,0,0,0,0,0,0
2026.2.19,16792,웹소설,저주 짝꿍을 찾습니다,무가연,페리윙클,100,2,2,0,0,0,0,0,0,0,0,0,0,0,0,0,0,0
2026.2.19,19390,웹소설,[BL] 가면극,사유담,희우,100,2,0,0,0,0,0,2,2,0,0,200,60,0,0,200,60,140
2026.2.19,20493,웹소설,[BL] Repeat Mark: 리핏 마크,카고아기,M블루,100,2,2,0,0,0,0,0,0,0,0,0,0,0,0,0,0,0
2026.2.19,20580,웹소설,힘을 숨겨도 공녀가 제일 강함,설윤영,앨리스,100,2,0,0,0,0,0,2,2,0,0,200,60,0,0,200,60,140
2026.2.20,1413,웹소설,"그러므로, 사랑",피숙혜,플로린,100,2,2,0,0,0,0,0,0,0,0,0,0,0,0,0,0,0
2026.2.20,1419,웹소설,끝정,벚꽃그리고,플로린,100,6,6,0,0,0,0,0,0,0,0,0,0,0,0,0,0,0
2026.2.20,1541,웹소설,만져도 돼?,차가울(미캉),플로린,100,1,1,0,0,0,0,0,0,0,0,0,0,0,0,0,0,0
2026.2.20,1674,웹소설,흑막 대공의 아이를 주웠다,흰백,리본,100,4,4,0,0,0,0,0,0,0,0,0,0,0,0,0,0,0
2026.2.20,2423,웹소설,베드 파트너,이로이,사막여우,100,2,2,0,0,0,0,0,0,0,0,0,0,0,0,0,0,0
2026.2.20,2424,웹소설,구원하려다 같이 데뷔함,윤선후,야간비행,100,2,2,0,0,0,0,0,0,0,0,0,0,0,0,0,0,0
2026.2.20,2599,웹소설,나쁜 전남편,모리미,스토린랩,100,3,3,0,0,0,0,0,0,0,0,0,0,0,0,0,0,0
2026.2.20,2639,웹소설,삼시색기,달그림 ,하트퀸,100,4,0,0,0,0,0,4,4,0,0,400,120,0,0,400,120,280
2026.2.20,2643,웹소설,에피소드,유이세스,하트퀸,100,34,34,0,0,0,0,0,0,0,0,0,0,0,0,0,0,0
2026.2.20,3184,웹소설,몰락,최강토끼,사막여우,100,1,1,0,0,0,0,0,0,0,0,0,0,0,0,0,0,0
2026.2.20,3185,웹소설,제발 멈추지 말아요 ,우아진,사막여우,100,2,2,0,0,0,0,0,0,0,0,0,0,0,0,0,0,0
2026.2.20,3189,웹소설,죽었던 남편이 계략남으로 돌아왔다,하이엘라,사막여우,100,3,0,0,0,0,0,3,3,0,0,300,90,0,0,300,90,210
2026.2.20,6599,웹소설,크고 잘생긴 오빠 친구,채하정,달밤,100,2,0,0,0,0,0,2,2,0,0,200,60,0,0,200,60,140
2026.2.20,13427,웹소설,내 젤리를 너에게 바친다,감규울,앨리스,100,14,1,0,0,0,0,13,13,0,0,1300,390,0,0,1300,390,910
2026.2.20,16506,웹소설,집착 남주의 유일한 안정제가 되었습니다,백일홍,해피북스투유,100,26,3,0,0,0,0,23,23,0,0,2300,690,0,0,2300,690,1610
2026.2.20,16792,웹소설,저주 짝꿍을 찾습니다,무가연,페리윙클,100,6,6,0,0,0,0,0,0,0,0,0,0,0,0,0,0,0
2026.2.20,18617,웹소설,오빠가 해줄게,진숙,하트퀸,100,2,2,0,0,0,0,0,0,0,0,0,0,0,0,0,0,0
2026.2.20,18997,웹소설,독 안에 든 선생님,그일도,플로린,100,2,0,0,0,0,0,2,2,0,0,200,60,0,0,200,60,140
2026.2.20,19390,웹소설,[BL] 가면극,사유담,희우,100,2,1,0,0,0,0,1,1,0,0,100,30,0,0,100,30,70
2026.2.20,20580,웹소설,힘을 숨겨도 공녀가 제일 강함,설윤영,앨리스,100,2,0,0,0,0,0,2,2,0,0,200,60,0,0,200,60,140
2026.2.21,1419,웹소설,끝정,벚꽃그리고,플로린,100,2,2,0,0,0,0,0,0,0,0,0,0,0,0,0,0,0
2026.2.21,1439,웹소설,내가 버린 남편,리나리아L,래이니북스,100,1,1,0,0,0,0,0,0,0,0,0,0,0,0,0,0,0
2026.2.21,1545,웹소설,"먹어봐요, 김대리",오대리,플로린,100,2,2,0,0,0,0,0,0,0,0,0,0,0,0,0,0,0
2026.2.21,1549,웹소설,물드는 밤,상림(메리J),플로린,100,2,2,0,0,0,0,0,0,0,0,0,0,0,0,0,0,0
2026.2.21,1559,웹소설,비서 집착,유카,플로린,100,4,4,0,0,0,0,0,0,0,0,0,0,0,0,0,0,0
2026.2.21,1569,웹소설,상사와 그런 사이,레이먼,래이니북스,100,4,4,0,0,0,0,0,0,0,0,0,0,0,0,0,0,0
2026.2.21,2422,웹소설,THE 런웨이,Hirachell,사막여우,100,2,2,0,0,0,0,0,0,0,0,0,0,0,0,0,0,0
2026.2.21,2423,웹소설,베드 파트너,이로이,사막여우,100,2,2,0,0,0,0,0,0,0,0,0,0,0,0,0,0,0
2026.2.21,2511,웹소설,내가 M이라니,죄송한취향,시계토끼,100,4,4,0,0,0,0,0,0,0,0,0,0,0,0,0,0,0
2026.2.21,2639,웹소설,삼시색기,달그림 ,하트퀸,100,1,0,0,0,0,0,1,1,0,0,100,30,0,0,100,30,70
2026.2.21,2643,웹소설,에피소드,유이세스,하트퀸,100,82,82,0,0,0,0,0,0,0,0,0,0,0,0,0,0,0
2026.2.21,3180,웹소설,온전하지 못한 관계,하루가 너무 길다,사막여우,100,1,1,0,0,0,0,0,0,0,0,0,0,0,0,0,0,0
2026.2.21,3185,웹소설,제발 멈추지 말아요 ,우아진,사막여우,100,1,1,0,0,0,0,0,0,0,0,0,0,0,0,0,0,0
2026.2.21,3189,웹소설,죽었던 남편이 계략남으로 돌아왔다,하이엘라,사막여우,100,3,0,0,0,0,0,3,3,0,0,300,90,0,0,300,90,210
2026.2.21,3555,웹소설,남편과 파트너 사이,느린돌,사막여우,100,3,3,0,0,0,0,0,0,0,0,0,0,0,0,0,0,0
2026.2.21,4801,웹소설,모노크롬 루머,치율,M블루,100,7,7,0,0,0,0,0,0,0,0,0,0,0,0,0,0,0
2026.2.21,4821,웹소설,나는 엑스트라를 원한다,갈아만든배,마야마루출판사,100,3,3,0,0,0,0,0,0,0,0,0,0,0,0,0,0,0
2026.2.21,12084,웹소설,메디시스가의 오메가,코네꼬,야간비행,100,2,2,0,0,0,0,0,0,0,0,0,0,0,0,0,0,0
2026.2.21,16792,웹소설,저주 짝꿍을 찾습니다,무가연,페리윙클,100,6,2,0,0,0,0,4,4,0,0,400,120,0,0,400,120,280
2026.2.21,19390,웹소설,[BL] 가면극,사유담,희우,100,2,0,0,0,0,0,2,2,0,0,200,60,0,0,200,60,140
2026.2.21,20580,웹소설,힘을 숨겨도 공녀가 제일 강함,설윤영,앨리스,100,2,0,0,0,0,0,2,2,0,0,200,60,0,0,200,60,140
2026.2.22,1419,웹소설,끝정,벚꽃그리고,플로린,100,1,1,0,0,0,0,0,0,0,0,0,0,0,0,0,0,0
2026.2.22,1541,웹소설,만져도 돼?,차가울(미캉),플로린,100,1,1,0,0,0,0,0,0,0,0,0,0,0,0,0,0,0
2026.2.22,1545,웹소설,"먹어봐요, 김대리",오대리,플로린,100,2,2,0,0,0,0,0,0,0,0,0,0,0,0,0,0,0
2026.2.22,1580,웹소설,슈가 코팅 (Sugar Coating),박온새미로,플로린,100,2,1,0,0,0,0,1,1,0,0,100,30,0,0,100,30,70
2026.2.22,2423,웹소설,베드 파트너,이로이,사막여우,100,11,9,0,0,0,0,2,2,0,0,200,60,0,0,200,60,140
2026.2.22,2511,웹소설,내가 M이라니,죄송한취향,시계토끼,100,6,6,0,0,0,0,0,0,0,0,0,0,0,0,0,0,0
2026.2.22,2513,웹소설,네 마리 포식자들,하얀백지,시계토끼,100,8,8,0,0,0,0,0,0,0,0,0,0,0,0,0,0,0
2026.2.22,2639,웹소설,삼시색기,달그림 ,하트퀸,100,6,0,0,0,0,0,6,6,0,0,600,180,0,0,600,180,420
2026.2.22,2643,웹소설,에피소드,유이세스,하트퀸,100,88,79,0,0,0,0,9,9,0,0,900,270,0,0,900,270,630
2026.2.22,3181,웹소설,뜨겁게 박히다,느린돌,사막여우,100,4,3,0,0,1,0,0,0,0,0,0,0,0,0,0,0,0
2026.2.22,3184,웹소설,몰락,최강토끼,사막여우,100,3,3,0,0,0,0,0,0,0,0,0,0,0,0,0,0,0
2026.2.22,3189,웹소설,죽었던 남편이 계략남으로 돌아왔다,하이엘라,사막여우,100,25,4,0,0,0,0,21,21,0,0,2100,630,0,0,2100,630,1470
2026.2.22,13427,웹소설,내 젤리를 너에게 바친다,감규울,앨리스,100,3,0,0,0,0,0,3,3,0,0,300,90,0,0,300,90,210
2026.2.22,16506,웹소설,집착 남주의 유일한 안정제가 되었습니다,백일홍,해피북스투유,100,83,0,0,0,0,0,83,83,0,0,8300,2490,0,0,8300,2490,5810
2026.2.22,19390,웹소설,[BL] 가면극,사유담,희우,100,2,0,0,0,0,0,2,2,0,0,200,60,0,0,200,60,140
2026.2.22,20434,웹소설,[BL] 독방에서 XX,나무요정,체셔,100,1,1,0,0,0,0,0,0,0,0,0,0,0,0,0,0,0
2026.2.22,20580,웹소설,힘을 숨겨도 공녀가 제일 강함,설윤영,앨리스,100,2,0,0,0,0,0,2,2,0,0,200,60,0,0,200,60,140
2026.2.23,1399,웹소설,개쓰레기 공작이랑 누가 결혼해,박무하,리본,100,2,2,0,0,0,0,0,0,0,0,0,0,0,0,0,0,0
2026.2.23,1541,웹소설,만져도 돼?,차가울(미캉),플로린,100,3,2,0,0,0,0,1,1,0,0,100,30,0,0,100,30,70
2026.2.23,1545,웹소설,"먹어봐요, 김대리",오대리,플로린,100,1,1,0,0,0,0,0,0,0,0,0,0,0,0,0,0,0
2026.2.23,2423,웹소설,베드 파트너,이로이,사막여우,100,9,6,0,0,0,0,3,3,0,0,300,90,0,0,300,90,210
2026.2.23,2511,웹소설,내가 M이라니,죄송한취향,시계토끼,100,14,14,0,0,0,0,0,0,0,0,0,0,0,0,0,0,0
2026.2.23,2639,웹소설,삼시색기,달그림 ,하트퀸,100,2,0,0,0,0,0,2,2,0,0,200,60,0,0,200,60,140
2026.2.23,2643,웹소설,에피소드,유이세스,하트퀸,100,29,29,0,0,0,0,0,0,0,0,0,0,0,0,0,0,0
2026.2.23,3181,웹소설,뜨겁게 박히다,느린돌,사막여우,100,3,3,0,0,0,0,0,0,0,0,0,0,0,0,0,0,0
2026.2.23,3185,웹소설,제발 멈추지 말아요 ,우아진,사막여우,100,2,2,0,0,0,0,0,0,0,0,0,0,0,0,0,0,0
2026.2.23,3189,웹소설,죽었던 남편이 계략남으로 돌아왔다,하이엘라,사막여우,100,3,0,0,0,0,0,3,3,0,0,300,90,0,0,300,90,210
2026.2.23,13427,웹소설,내 젤리를 너에게 바친다,감규울,앨리스,100,1,0,0,0,0,0,1,1,0,0,100,30,0,0,100,30,70
2026.2.23,16506,웹소설,집착 남주의 유일한 안정제가 되었습니다,백일홍,해피북스투유,100,55,0,0,0,0,0,55,55,0,0,5500,1650,0,0,5500,1650,3850
2026.2.23,16792,웹소설,저주 짝꿍을 찾습니다,무가연,페리윙클,100,2,2,0,0,0,0,0,0,0,0,0,0,0,0,0,0,0
2026.2.23,18997,웹소설,독 안에 든 선생님,그일도,플로린,100,3,0,0,0,0,0,3,3,0,0,300,90,0,0,300,90,210
2026.2.23,19390,웹소설,[BL] 가면극,사유담,희우,100,3,0,0,0,0,0,3,3,0,0,300,90,0,0,300,90,210
2026.2.23,20580,웹소설,힘을 숨겨도 공녀가 제일 강함,설윤영,앨리스,100,2,0,0,0,0,0,2,2,0,0,200,60,0,0,200,60,140
2026.2.24,1419,웹소설,끝정,벚꽃그리고,플로린,100,2,2,0,0,0,0,0,0,0,0,0,0,0,0,0,0,0
2026.2.24,1541,웹소설,만져도 돼?,차가울(미캉),플로린,100,1,1,0,0,0,0,0,0,0,0,0,0,0,0,0,0,0
2026.2.24,2423,웹소설,베드 파트너,이로이,사막여우,100,1,1,0,0,0,0,0,0,0,0,0,0,0,0,0,0,0
2026.2.24,2533,웹소설,사제님의 비밀스런 교육(Dark),김연서,시계토끼,100,34,3,0,0,0,0,31,31,0,0,3100,930,0,0,3100,930,2170
2026.2.24,2549,웹소설,올가의 배덕한 밀회,필밤,시계토끼,100,1,1,0,0,0,0,0,0,0,0,0,0,0,0,0,0,0
2026.2.24,2551,웹소설,울타리를 넘지 마시오,김도희,시계토끼,100,1,1,0,0,0,0,0,0,0,0,0,0,0,0,0,0,0
2026.2.24,2639,웹소설,삼시색기,달그림 ,하트퀸,100,2,0,0,0,0,0,2,2,0,0,200,60,0,0,200,60,140
2026.2.24,2643,웹소설,에피소드,유이세스,하트퀸,100,30,28,0,0,0,0,2,2,0,0,200,60,0,0,200,60,140
2026.2.24,2644,웹소설,엔딩 체인지,정푸른,하트퀸,100,5,5,0,0,0,0,0,0,0,0,0,0,0,0,0,0,0
2026.2.24,3185,웹소설,제발 멈추지 말아요 ,우아진,사막여우,100,4,4,0,0,0,0,0,0,0,0,0,0,0,0,0,0,0
2026.2.24,3189,웹소설,죽었던 남편이 계략남으로 돌아왔다,하이엘라,사막여우,100,2,0,0,0,0,0,2,2,0,0,200,60,0,0,200,60,140
2026.2.24,3554,웹소설,후회해도,짙은,사막여우,100,2,2,0,0,0,0,0,0,0,0,0,0,0,0,0,0,0
2026.2.24,3555,웹소설,남편과 파트너 사이,느린돌,사막여우,100,4,0,0,0,1,0,3,3,0,0,300,90,0,0,300,90,210
2026.2.24,4801,웹소설,모노크롬 루머,치율,M블루,100,1,1,0,0,0,0,0,0,0,0,0,0,0,0,0,0,0
2026.2.24,6599,웹소설,크고 잘생긴 오빠 친구,채하정,달밤,100,4,0,0,0,0,0,4,4,0,0,400,120,0,0,400,120,280
2026.2.24,16506,웹소설,집착 남주의 유일한 안정제가 되었습니다,백일홍,해피북스투유,100,5,0,0,0,0,0,5,5,0,0,500,150,0,0,500,150,350
2026.2.24,16792,웹소설,저주 짝꿍을 찾습니다,무가연,페리윙클,100,12,0,0,0,0,0,12,12,0,0,1200,360,0,0,1200,360,840
2026.2.24,19390,웹소설,[BL] 가면극,사유담,희우,100,2,0,0,0,0,0,2,2,0,0,200,60,0,0,200,60,140
2026.2.24,19744,웹소설,너에게 파는 나의 밤 (삽화본),핑캐,해피북스투유,100,5,0,0,0,0,0,5,5,0,0,500,150,0,0,500,150,350
2026.2.24,20580,웹소설,힘을 숨겨도 공녀가 제일 강함,설윤영,앨리스,100,2,0,0,0,0,0,2,2,0,0,200,60,0,0,200,60,140
2026.2.25,1419,웹소설,끝정,벚꽃그리고,플로린,100,1,1,0,0,0,0,0,0,0,0,0,0,0,0,0,0,0
2026.2.25,1541,웹소설,만져도 돼?,차가울(미캉),플로린,100,6,3,0,0,0,0,3,3,0,0,300,90,0,0,300,90,210
2026.2.25,1545,웹소설,"먹어봐요, 김대리",오대리,플로린,100,2,2,0,0,0,0,0,0,0,0,0,0,0,0,0,0,0
2026.2.25,1557,웹소설,붉게 물들인 밤,비설,플로린,100,3,3,0,0,0,0,0,0,0,0,0,0,0,0,0,0,0
2026.2.25,2423,웹소설,베드 파트너,이로이,사막여우,100,1,1,0,0,0,0,0,0,0,0,0,0,0,0,0,0,0
2026.2.25,2511,웹소설,내가 M이라니,죄송한취향,시계토끼,100,19,17,0,0,0,0,2,2,0,0,200,60,0,0,200,60,140
2026.2.25,2513,웹소설,네 마리 포식자들,하얀백지,시계토끼,100,10,10,0,0,0,0,0,0,0,0,0,0,0,0,0,0,0
2026.2.25,2533,웹소설,사제님의 비밀스런 교육(Dark),김연서,시계토끼,100,2,2,0,0,0,0,0,0,0,0,0,0,0,0,0,0,0
2026.2.25,2639,웹소설,삼시색기,달그림 ,하트퀸,100,3,0,0,0,0,0,3,3,0,0,300,90,0,0,300,90,210
2026.2.25,2643,웹소설,에피소드,유이세스,하트퀸,100,8,8,0,0,0,0,0,0,0,0,0,0,0,0,0,0,0
2026.2.25,3181,웹소설,뜨겁게 박히다,느린돌,사막여우,100,1,1,0,0,0,0,0,0,0,0,0,0,0,0,0,0,0
2026.2.25,3185,웹소설,제발 멈추지 말아요 ,우아진,사막여우,100,2,1,0,0,1,0,0,0,0,0,0,0,0,0,0,0,0
2026.2.25,3189,웹소설,죽었던 남편이 계략남으로 돌아왔다,하이엘라,사막여우,100,1,0,0,0,0,0,1,1,0,0,100,30,0,0,100,30,70
2026.2.25,6599,웹소설,크고 잘생긴 오빠 친구,채하정,달밤,100,27,0,0,0,0,0,27,27,0,0,2700,810,0,0,2700,810,1890
2026.2.25,19390,웹소설,[BL] 가면극,사유담,희우,100,2,0,0,0,0,0,2,2,0,0,200,60,0,0,200,60,140
2026.2.25,20580,웹소설,힘을 숨겨도 공녀가 제일 강함,설윤영,앨리스,100,2,0,0,0,0,0,2,2,0,0,200,60,0,0,200,60,140
2026.2.26,1419,웹소설,끝정,벚꽃그리고,플로린,100,1,1,0,0,0,0,0,0,0,0,0,0,0,0,0,0,0
2026.2.26,1541,웹소설,만져도 돼?,차가울(미캉),플로린,100,2,0,0,0,0,0,2,2,0,0,200,60,0,0,200,60,140
2026.2.26,2421,웹소설,폭군의 보호자는 악역 마녀입니다,블루라군,사막여우,100,2,2,0,0,0,0,0,0,0,0,0,0,0,0,0,0,0
2026.2.26,2511,웹소설,내가 M이라니,죄송한취향,시계토끼,100,2,0,0,0,0,0,2,2,0,0,200,60,0,0,200,60,140
2026.2.26,2639,웹소설,삼시색기,달그림 ,하트퀸,100,4,0,0,0,0,0,4,4,0,0,400,120,0,0,400,120,280
2026.2.26,2643,웹소설,에피소드,유이세스,하트퀸,100,10,10,0,0,0,0,0,0,0,0,0,0,0,0,0,0,0
2026.2.26,3048,웹소설,무아지경,강곰곰,하트퀸,3100,1,0,0,0,0,0,1,1,0,0,3100,930,0,0,3100,930,2170
2026.2.26,3071,웹소설,복종하는 밤,마뇽,하트퀸,2300,1,0,0,0,0,0,1,1,0,0,2300,690,0,0,2300,690,1610
2026.2.26,3181,웹소설,뜨겁게 박히다,느린돌,사막여우,100,3,3,0,0,0,0,0,0,0,0,0,0,0,0,0,0,0
2026.2.26,3184,웹소설,몰락,최강토끼,사막여우,100,2,2,0,0,0,0,0,0,0,0,0,0,0,0,0,0,0
2026.2.26,3189,웹소설,죽었던 남편이 계략남으로 돌아왔다,하이엘라,사막여우,100,1,0,0,0,0,0,1,1,0,0,100,30,0,0,100,30,70
2026.2.26,3555,웹소설,남편과 파트너 사이,느린돌,사막여우,100,2,2,0,0,0,0,0,0,0,0,0,0,0,0,0,0,0
2026.2.26,4763,웹소설,오토 리버스(Auto Reverse),박허시,M블루,100,2,2,0,0,0,0,0,0,0,0,0,0,0,0,0,0,0
2026.2.26,18997,웹소설,독 안에 든 선생님,그일도,플로린,100,18,0,0,0,0,0,18,18,0,0,1800,540,0,0,1800,540,1260
2026.2.26,19390,웹소설,[BL] 가면극,사유담,희우,100,3,0,0,0,0,0,3,3,0,0,300,90,0,0,300,90,210
2026.2.26,20580,웹소설,힘을 숨겨도 공녀가 제일 강함,설윤영,앨리스,100,2,0,0,0,0,0,2,2,0,0,200,60,0,0,200,60,140
2026.2.27,1541,웹소설,만져도 돼?,차가울(미캉),플로린,100,4,1,0,0,0,0,3,3,0,0,300,90,0,0,300,90,210
2026.2.27,2423,웹소설,베드 파트너,이로이,사막여우,100,1,1,0,0,0,0,0,0,0,0,0,0,0,0,0,0,0
2026.2.27,2511,웹소설,내가 M이라니,죄송한취향,시계토끼,100,2,0,0,0,0,0,2,2,0,0,200,60,0,0,200,60,140
2026.2.27,2627,웹소설,미친놈에게 물리면,해세,하트퀸,100,1,1,0,0,0,0,0,0,0,0,0,0,0,0,0,0,0
2026.2.27,2639,웹소설,삼시색기,달그림 ,하트퀸,100,3,0,0,0,0,0,3,3,0,0,300,90,0,0,300,90,210
2026.2.27,2643,웹소설,에피소드,유이세스,하트퀸,100,10,10,0,0,0,0,0,0,0,0,0,0,0,0,0,0,0
2026.2.27,2655,웹소설,욕망의 노예계약,황금병아리,하트퀸,100,1,1,0,0,0,0,0,0,0,0,0,0,0,0,0,0,0
2026.2.27,3006,웹소설,에피소드 [1부-2부],유이세스,하트퀸,4000,1,0,0,0,0,0,1,1,0,0,4000,1200,0,0,4000,1200,2800
2026.2.27,3184,웹소설,몰락,최강토끼,사막여우,100,5,3,0,0,0,0,2,2,0,0,200,60,0,0,200,60,140
2026.2.27,3189,웹소설,죽었던 남편이 계략남으로 돌아왔다,하이엘라,사막여우,100,10,0,0,0,0,0,10,10,0,0,1000,300,0,0,1000,300,700
2026.2.27,6196,웹소설,흔적도 없이,짙은,사막여우,100,1,1,0,0,0,0,0,0,0,0,0,0,0,0,0,0,0
2026.2.27,12084,웹소설,메디시스가의 오메가,코네꼬,야간비행,100,2,2,0,0,0,0,0,0,0,0,0,0,0,0,0,0,0
2026.2.27,19390,웹소설,[BL] 가면극,사유담,희우,100,2,0,0,0,0,0,2,2,0,0,200,60,0,0,200,60,140
2026.2.27,20489,웹소설,독을 품은 꽃,원소희,동행,100,4,3,0,0,0,0,1,1,0,0,100,30,0,0,100,30,70
2026.2.27,20580,웹소설,힘을 숨겨도 공녀가 제일 강함,설윤영,앨리스,100,2,0,0,0,0,0,2,2,0,0,200,60,0,0,200,60,140
2026.2.28,1439,웹소설,내가 버린 남편,리나리아L,래이니북스,100,1,1,0,0,0,0,0,0,0,0,0,0,0,0,0,0,0
2026.2.28,1569,웹소설,상사와 그런 사이,레이먼,래이니북스,100,2,2,0,0,0,0,0,0,0,0,0,0,0,0,0,0,0
2026.2.28,2423,웹소설,베드 파트너,이로이,사막여우,100,1,1,0,0,0,0,0,0,0,0,0,0,0,0,0,0,0
2026.2.28,2511,웹소설,내가 M이라니,죄송한취향,시계토끼,100,2,2,0,0,0,0,0,0,0,0,0,0,0,0,0,0,0
2026.2.28,2622,웹소설,매끈한 친구 오빠,라쉬,하트퀸,100,3,2,0,0,0,0,1,1,0,0,100,30,0,0,100,30,70
2026.2.28,2639,웹소설,삼시색기,달그림 ,하트퀸,100,2,0,0,0,0,0,2,2,0,0,200,60,0,0,200,60,140
2026.2.28,2643,웹소설,에피소드,유이세스,하트퀸,100,29,29,0,0,0,0,0,0,0,0,0,0,0,0,0,0,0
2026.2.28,2674,웹소설,첫사랑의 사이즈,강곰곰,하트퀸,100,3,3,0,0,0,0,0,0,0,0,0,0,0,0,0,0,0
2026.2.28,2746,웹소설,이혼 후 愛,빨간호박,,100,6,4,0,0,0,0,2,2,0,0,200,60,0,0,200,60,140
2026.2.28,3181,웹소설,뜨겁게 박히다,느린돌,사막여우,100,2,2,0,0,0,0,0,0,0,0,0,0,0,0,0,0,0
2026.2.28,3189,웹소설,죽었던 남편이 계략남으로 돌아왔다,하이엘라,사막여우,100,3,0,0,0,0,0,3,3,0,0,300,90,0,0,300,90,210
2026.2.28,3780,웹소설,심야 비서,미몽(mimong),마롱,100,16,4,0,0,0,0,12,12,0,0,1200,360,0,0,1200,360,840
2026.2.28,4801,웹소설,모노크롬 루머,치율,M블루,100,7,7,0,0,0,0,0,0,0,0,0,0,0,0,0,0,0
2026.2.28,12084,웹소설,메디시스가의 오메가,코네꼬,야간비행,100,3,0,0,0,0,0,3,3,0,0,300,90,0,0,300,90,210
2026.2.28,15615,웹소설,[BL] 근딜을 포기하지 못하는 이유,라에르,스토린랩,3400,2,0,0,0,0,0,2,2,0,0,6700,2010,0,0,6700,2010,4690
2026.2.28,19744,웹소설,너에게 파는 나의 밤 (삽화본),핑캐,해피북스투유,100,1,1,0,0,0,0,0,0,0,0,0,0,0,0,0,0,0
2026.2.28,20489,웹소설,독을 품은 꽃,원소희,동행,100,1,0,0,0,0,0,1,1,0,0,100,30,0,0,100,30,70
합계,,,,,,,3480,1752,0,0,6,0,1722,1722,0,0,197000,59100,0,0,197000,59100,137900